Interval Start,First Frame Delay,Buffer Empty Duration,Stall Duration
06/Jan/2025:14:05:00,162.23,218.07,1357.87
06/Jan/2025:14:10:00,169.29,214.94,1396.75
06/Jan/2025:14:15:00,161.17,197.33,1379.54
06/Jan/2025:14:20:00,163.84,191.8,1441.34
06/Jan/2025:14:25:00,165.47,195.67,1485.5
06/Jan/2025:14:30:00,158.09,186.06,1467.14
06/Jan/2025:14:35:00,158.09,214.43,1485.54
06/Jan/2025:14:40:00,160.36,181.02,1375.07
06/Jan/2025:14:45:00,159.45,165.63,1410.72
06/Jan/2025:14:50:00,159.57,178.18,1452.27
06/Jan/2025:14:55:00,155.21,174.74,1388.57
06/Jan/2025:15:00:00,157.67,169.03,1351.94
06/Jan/2025:15:05:00,157.42,147.8,1270.4
06/Jan/2025:15:10:00,147.69,177.33,1290.62
06/Jan/2025:15:15:00,147.62,135.46,1224.54
06/Jan/2025:15:20:00,148.61,170.06,1244.43
06/Jan/2025:15:25:00,145.14,171.64,1269.68
06/Jan/2025:15:30:00,146.07,146.74,1263.71
06/Jan/2025:15:35:00,140.3,134.11,1194.75
06/Jan/2025:15:40:00,140.83,154.93,1076.91
06/Jan/2025:15:45:00,144.61,150.53,1063.54
06/Jan/2025:15:50:00,139.73,170.57,1146.29
06/Jan/2025:15:55:00,138.5,168.17,1200.97
06/Jan/2025:16:00:00,138.1,166.53,1079.53
06/Jan/2025:16:05:00,134.77,160.37,1088
06/Jan/2025:16:10:00,132.45,151.35,1096.52
06/Jan/2025:16:15:00,138.68,238.86,1338.05
06/Jan/2025:16:20:00,137.3,158.74,1055.87
06/Jan/2025:16:25:00,137.25,149.76,1011.99
06/Jan/2025:16:30:00,137.88,178.16,1131.96
06/Jan/2025:16:35:00,129.77,158.47,1045.35
06/Jan/2025:16:40:00,133,166,1044.4
06/Jan/2025:16:45:00,131.97,114.58,968.17
06/Jan/2025:16:50:00,129.67,150.59,1020.8
06/Jan/2025:16:55:00,131.82,198.64,1111.65
06/Jan/2025:17:00:00,139.5,205.66,1163.03
06/Jan/2025:17:05:00,130.86,211.86,1183.88
06/Jan/2025:17:10:00,128.28,136.08,1061.81
06/Jan/2025:17:15:00,136.39,164.09,1174.32
06/Jan/2025:17:20:00,135.37,122.42,1128.83
06/Jan/2025:17:25:00,137.99,143.12,1054.79
06/Jan/2025:17:30:00,131.61,148.6,1177.59
06/Jan/2025:17:35:00,141.18,166.16,1070.72
06/Jan/2025:17:40:00,142.24,187.91,1308.87
06/Jan/2025:17:45:00,143.16,168.81,1157.8
06/Jan/2025:17:50:00,138.36,182.64,1224.34
06/Jan/2025:17:55:00,142.85,187.85,1170.68
06/Jan/2025:18:00:00,141.9,172.86,1368.44
06/Jan/2025:18:05:00,136.52,179.97,1185.33
06/Jan/2025:18:10:00,135.28,309.76,1448.56
06/Jan/2025:18:15:00,128.36,147.94,1114.57
06/Jan/2025:18:20:00,136.99,191.8,1249.42
06/Jan/2025:18:25:00,143.35,271.13,1577.94
06/Jan/2025:18:30:00,138.84,230.07,1583.9
06/Jan/2025:18:35:00,136.28,184.09,1199.98
06/Jan/2025:18:40:00,136.38,194.4,1433.78
06/Jan/2025:18:45:00,145.56,233.84,1300.6
06/Jan/2025:18:50:00,148.81,225.07,1653.51
06/Jan/2025:18:55:00,146.19,162.78,1233.92
06/Jan/2025:19:00:00,139.47,131.84,1170.94
06/Jan/2025:19:05:00,139.55,223.65,1176.52
06/Jan/2025:19:10:00,139.81,134.03,1207.65
06/Jan/2025:19:15:00,133.44,178.46,1019.07
06/Jan/2025:19:20:00,133.81,189.16,1171.03
06/Jan/2025:19:25:00,140.83,178.16,1332.1
06/Jan/2025:19:30:00,159.17,166.99,1158.21
06/Jan/2025:19:35:00,146.95,204.4,1430.4
06/Jan/2025:19:40:00,141.38,240.79,1227.21
06/Jan/2025:19:45:00,147.05,403.26,1770.17
06/Jan/2025:19:50:00,149.75,368.96,1526.93
06/Jan/2025:19:55:00,141.89,385.47,1448.21
06/Jan/2025:20:00:00,156.02,260.77,1455.85
06/Jan/2025:20:05:00,147.89,171.8,1692.06
06/Jan/2025:20:10:00,149.41,252.29,1500.76
06/Jan/2025:20:15:00,162.05,252.59,1651.09
06/Jan/2025:20:20:00,143.62,346.54,1892.66
06/Jan/2025:20:25:00,145.03,186.55,1685.78
06/Jan/2025:20:30:00,145.93,273.35,1594.59
06/Jan/2025:20:35:00,135.79,200.74,1655.27
06/Jan/2025:20:40:00,150.89,303.46,1603.96
06/Jan/2025:20:45:00,141.14,118.37,1183.87
06/Jan/2025:20:50:00,153.8,113.51,1348.28
06/Jan/2025:20:55:00,156.44,347.04,1493.34
06/Jan/2025:21:00:00,166.89,205.42,1239.28
06/Jan/2025:21:05:00,172.7,1911.05,3107.92
06/Jan/2025:21:10:00,154.36,173.5,915.84
06/Jan/2025:21:15:00,163.65,192.97,1244.26
06/Jan/2025:21:20:00,160.37,196.94,1385.4
06/Jan/2025:21:25:00,151.96,116.07,1341.18
06/Jan/2025:21:30:00,152.35,241.71,1431.34
06/Jan/2025:21:35:00,148.07,245.65,1309.63
06/Jan/2025:21:40:00,194.38,259.32,1607.3
06/Jan/2025:21:45:00,163.25,220.71,1182.26
06/Jan/2025:21:50:00,167.84,200.03,1212.85
06/Jan/2025:21:55:00,157.82,234.31,1290.51
06/Jan/2025:22:00:00,168.94,309.34,1479.65
06/Jan/2025:22:05:00,157.81,340.02,1458.07
06/Jan/2025:22:10:00,156.7,245.14,1340.05
06/Jan/2025:22:15:00,148.62,235.69,1219.53
06/Jan/2025:22:20:00,162.76,152.73,1180.6
06/Jan/2025:22:25:00,164.85,181.28,1057.81
06/Jan/2025:22:30:00,159.02,180.61,990.77
06/Jan/2025:22:35:00,156.28,155.36,949.81
06/Jan/2025:22:40:00,160.35,198.3,1172.36
06/Jan/2025:22:45:00,167.2,166.14,1110.72
06/Jan/2025:22:50:00,169.6,241.79,1240.81
06/Jan/2025:22:55:00,165.83,154.31,1028.94
06/Jan/2025:23:00:00,165.78,179.03,1349.2
06/Jan/2025:23:05:00,180.62,190.53,1239.72
06/Jan/2025:23:10:00,162.26,166.79,1143.42
06/Jan/2025:23:15:00,164.37,236.22,1235.1
06/Jan/2025:23:20:00,156.47,137.86,1111.47
06/Jan/2025:23:25:00,161.94,156.28,1059.65
06/Jan/2025:23:30:00,182.89,254.02,1297.84
06/Jan/2025:23:35:00,177.93,157.21,1167.97
06/Jan/2025:23:40:00,154.11,152.18,914.98
06/Jan/2025:23:45:00,150.76,167.94,938.89
06/Jan/2025:23:50:00,156.67,204.16,1017.34
06/Jan/2025:23:55:00,153.86,225.39,1036.61
07/Jan/2025:00:00:00,160.13,205.43,1123.19
07/Jan/2025:00:05:00,154.57,241.41,1065.47
07/Jan/2025:00:10:00,151.76,260.24,1111.67
07/Jan/2025:00:15:00,164.49,225.98,1093.69
07/Jan/2025:00:20:00,160.4,209.28,1065.22
07/Jan/2025:00:25:00,157.78,302.61,1182.81
07/Jan/2025:00:30:00,149.99,238.81,1120.76
07/Jan/2025:00:35:00,150.86,163.83,1049.53
07/Jan/2025:00:40:00,156.41,257.21,1048.62
07/Jan/2025:00:45:00,160.45,218.22,1055.91
07/Jan/2025:00:50:00,157.59,222.73,1046.85
07/Jan/2025:00:55:00,153.14,207.93,1072.11
07/Jan/2025:01:00:00,162.42,232.45,1005.62
07/Jan/2025:01:05:00,148.77,243.07,953.64
07/Jan/2025:01:10:00,151.73,278.79,1350.89
07/Jan/2025:01:15:00,154.3,264.91,1119.73
07/Jan/2025:01:20:00,158.58,272.04,1128.53
07/Jan/2025:01:25:00,154.98,340.55,1356.27
07/Jan/2025:01:30:00,167.04,358.42,1213.68
07/Jan/2025:01:35:00,161.01,252.83,1162.12
07/Jan/2025:01:40:00,156.12,304.77,1275.69
07/Jan/2025:01:45:00,153.46,271.51,1257.11
07/Jan/2025:01:50:00,155.93,282.01,1246.13
07/Jan/2025:01:55:00,167.37,272.18,1287.85
07/Jan/2025:02:00:00,162.62,238.19,1174.55
07/Jan/2025:02:05:00,158.15,305.59,1204.47
07/Jan/2025:02:10:00,163.08,269.18,1179
07/Jan/2025:02:15:00,160.85,243.99,1159.46
07/Jan/2025:02:20:00,161.17,302.78,1306.63
07/Jan/2025:02:25:00,163.32,312.57,1165.93
07/Jan/2025:02:30:00,163.44,261.35,1179.71
07/Jan/2025:02:35:00,160.26,230.35,1194.05
07/Jan/2025:02:40:00,174.56,247.28,1225.07
07/Jan/2025:02:45:00,164.81,254.91,1293.78
07/Jan/2025:02:50:00,159.3,314.52,1471.64
07/Jan/2025:02:55:00,168.26,249.75,1326.55
07/Jan/2025:03:00:00,167.55,244.95,1299.63
07/Jan/2025:03:05:00,169.01,270.78,1387.98
07/Jan/2025:03:10:00,166.09,250.78,1192.93
07/Jan/2025:03:15:00,161.66,267.31,1233.28
07/Jan/2025:03:20:00,167.16,254.01,1261.87
07/Jan/2025:03:25:00,164.37,215.06,1248.87
07/Jan/2025:03:30:00,164.74,233.1,1227.09
07/Jan/2025:03:35:00,167.82,243.32,1333.43
07/Jan/2025:03:40:00,164.57,212.81,1186.62
07/Jan/2025:03:45:00,168.83,291.83,1292.97
07/Jan/2025:03:50:00,162.63,246.54,1195.64
07/Jan/2025:03:55:00,167.75,220.82,1278
07/Jan/2025:04:00:00,171.82,284.37,1388.68
07/Jan/2025:04:05:00,165.83,416.29,1412.25
07/Jan/2025:04:10:00,177.37,324.95,1429.81
07/Jan/2025:04:15:00,166.1,258.37,1254.97
07/Jan/2025:04:20:00,163.8,218.6,1199.24
07/Jan/2025:04:25:00,169.91,271.74,1336.91
07/Jan/2025:04:30:00,162.19,236.45,1316.17
07/Jan/2025:04:35:00,164.1,192.57,1287.52
07/Jan/2025:04:40:00,164.97,220.5,1225.08
07/Jan/2025:04:45:00,163.95,178.48,1230.36
07/Jan/2025:04:50:00,172.16,244.93,1367.26
07/Jan/2025:04:55:00,168.27,205.85,1174.96
07/Jan/2025:05:00:00,173.49,215.78,1182.51
07/Jan/2025:05:05:00,170.68,216.69,1227.7
07/Jan/2025:05:10:00,180.33,266.58,1300.7
07/Jan/2025:05:15:00,168.28,249.55,1273.81
07/Jan/2025:05:20:00,189.3,295.59,1288.51
07/Jan/2025:05:25:00,163.87,307.49,1378.32
07/Jan/2025:05:30:00,173.55,310.47,1304.87
07/Jan/2025:05:35:00,180.48,322.4,1465.64
07/Jan/2025:05:40:00,172.7,270.91,1233.38
07/Jan/2025:05:45:00,176.14,212.29,1315.25
07/Jan/2025:05:50:00,171.88,256.68,1265.33
07/Jan/2025:05:55:00,169.98,274.53,1302.1
07/Jan/2025:06:00:00,167.18,315.45,1516.88
07/Jan/2025:06:05:00,182.9,256.12,1394.06
07/Jan/2025:06:10:00,195.31,275.96,1423.24
07/Jan/2025:06:15:00,170.46,244.5,1392.43
07/Jan/2025:06:20:00,168.52,227.23,1346.5
07/Jan/2025:06:25:00,163.98,288.44,1345.97
07/Jan/2025:06:30:00,176.14,231.9,1337.42
07/Jan/2025:06:35:00,183.54,234.82,1235.27
07/Jan/2025:06:40:00,171.83,162.44,1157.34
07/Jan/2025:06:45:00,174.17,274.39,1341.44
07/Jan/2025:06:50:00,175.6,263.89,1243.01
07/Jan/2025:06:55:00,171.68,261.54,1311.06
07/Jan/2025:07:00:00,170.98,245.34,1269.78
07/Jan/2025:07:05:00,176.06,223.99,1290.95
07/Jan/2025:07:10:00,184.6,222.58,1375.26
07/Jan/2025:07:15:00,174.94,241.79,1346.7
07/Jan/2025:07:20:00,165.46,186.86,1249.76
07/Jan/2025:07:25:00,164.54,196.77,1209.75
07/Jan/2025:07:30:00,169.09,234.7,1329.23
07/Jan/2025:07:35:00,162.31,241.43,1286.17
07/Jan/2025:07:40:00,174.32,251.25,1308.91
07/Jan/2025:07:45:00,167.08,272.85,1308.99
07/Jan/2025:07:50:00,176.77,257.65,1286.38
07/Jan/2025:07:55:00,166.29,287.45,1451.07
07/Jan/2025:08:00:00,166.8,245.08,1396.93
07/Jan/2025:08:05:00,170.75,252.72,1438.19
07/Jan/2025:08:10:00,181.13,288.58,1418.71
07/Jan/2025:08:15:00,175.14,245.74,1359.01
07/Jan/2025:08:20:00,166.07,272.26,1300.66
07/Jan/2025:08:25:00,168,307.65,1373.45
07/Jan/2025:08:30:00,166.12,252.69,1307.78
07/Jan/2025:08:35:00,182.89,218.29,1346.31
07/Jan/2025:08:40:00,167.65,246.68,1349.63
07/Jan/2025:08:45:00,168.67,281.07,1263.56
07/Jan/2025:08:50:00,164.09,248.59,1180.61
07/Jan/2025:08:55:00,162.77,260.11,1234.81
07/Jan/2025:09:00:00,162.61,253.65,1274.72
07/Jan/2025:09:05:00,156.63,238.05,1235.73
07/Jan/2025:09:10:00,165.1,264.47,1252.92
07/Jan/2025:09:15:00,158.58,245.65,1239.23
07/Jan/2025:09:20:00,161.92,269.37,1414.71
07/Jan/2025:09:25:00,159.98,250.88,1245.18
07/Jan/2025:09:30:00,168.18,226.18,1266.35
07/Jan/2025:09:35:00,162.7,242.38,1260.67
07/Jan/2025:09:40:00,167.49,266.43,1300.68
07/Jan/2025:09:45:00,159.45,243.44,1226.23
07/Jan/2025:09:50:00,163.89,274.47,1324.99
07/Jan/2025:09:55:00,158.21,223.95,1227.45
07/Jan/2025:10:00:00,165.53,231.47,1283.11
07/Jan/2025:10:05:00,164.86,231.85,1212.91
07/Jan/2025:10:10:00,164.99,244.49,1290.08
07/Jan/2025:10:15:00,152.51,211.57,1156.7
07/Jan/2025:10:20:00,158.92,224.83,1142.75
07/Jan/2025:10:25:00,167.66,296.1,1306.92
07/Jan/2025:10:30:00,170.3,216.3,1213.8
07/Jan/2025:10:35:00,171.22,236.69,1196
07/Jan/2025:10:40:00,166.75,281.43,1364.58
07/Jan/2025:10:45:00,161.16,256.48,1277.15
07/Jan/2025:10:50:00,165.34,221.39,1293.6
07/Jan/2025:10:55:00,171.35,257.25,1359.79
07/Jan/2025:11:00:00,166.67,307.11,1360.45
07/Jan/2025:11:05:00,170.2,272.54,1381.14
07/Jan/2025:11:10:00,170.79,281.95,1306.9
07/Jan/2025:13:45:00,168.04,240.93,1412.65
07/Jan/2025:13:50:00,168.7,216.93,1428.71
07/Jan/2025:13:55:00,170.36,186.69,1372.41
07/Jan/2025:14:00:00,167,216.57,1462.12
07/Jan/2025:14:05:00,168.37,183.43,1415.31
07/Jan/2025:14:10:00,162.35,221.28,1384.48
07/Jan/2025:14:15:00,163.57,212.59,1463.13
07/Jan/2025:14:20:00,164.3,188.36,1401.8
07/Jan/2025:14:25:00,163.7,184,1368.04
07/Jan/2025:14:30:00,164.61,174.67,1321.17
07/Jan/2025:14:35:00,165.01,169.17,1365
07/Jan/2025:14:40:00,160.91,194.4,1410.74
07/Jan/2025:14:45:00,164.02,164.67,1406.46
07/Jan/2025:14:50:00,160.49,189.23,1400.07
07/Jan/2025:14:55:00,167.89,183.45,1472.89
07/Jan/2025:15:00:00,163.83,183.04,1452.64
07/Jan/2025:15:05:00,159.66,160.52,1356.52
07/Jan/2025:15:10:00,149.8,158.65,1306.24
07/Jan/2025:15:15:00,151.62,166.15,1366.79
07/Jan/2025:15:20:00,149.01,231.22,1484.13
07/Jan/2025:15:25:00,150.43,177.84,1384.15
07/Jan/2025:15:30:00,148.26,133.85,1279.71
07/Jan/2025:15:35:00,148.82,134.96,1208.12
07/Jan/2025:15:40:00,148.46,160.2,1176.82
07/Jan/2025:15:45:00,146.12,184.76,1149.84
07/Jan/2025:15:50:00,157.51,227.29,1396.35
07/Jan/2025:15:55:00,147.48,194.36,1363.86
07/Jan/2025:16:00:00,149.21,177.97,1300.66
07/Jan/2025:16:05:00,153.89,187.68,1229.5
07/Jan/2025:16:10:00,147.7,180.74,1274.18
07/Jan/2025:16:15:00,139.29,201.95,1257.29
07/Jan/2025:16:20:00,140.52,178.8,1153.48
07/Jan/2025:16:25:00,138.72,153.77,1112.76
07/Jan/2025:16:30:00,141.9,148.54,1190.18
07/Jan/2025:16:35:00,134.46,177.05,1076.44
07/Jan/2025:16:40:00,137.3,194.72,1049.2
07/Jan/2025:16:45:00,133.76,184.1,1174.65
07/Jan/2025:16:50:00,135.81,163.04,1065.65
07/Jan/2025:16:55:00,135.66,216.8,1138.58
07/Jan/2025:17:00:00,143.82,252.17,1261.73
07/Jan/2025:17:05:00,144.96,182.01,1226.56
07/Jan/2025:17:10:00,146.91,160.44,1183.25
07/Jan/2025:17:15:00,141.5,172,1233.89
07/Jan/2025:17:20:00,132.63,200.57,1173.91
07/Jan/2025:17:25:00,144.55,244.76,1300.03
07/Jan/2025:17:30:00,143.52,321.32,1642.64
07/Jan/2025:17:35:00,145.07,282.43,1443.32
07/Jan/2025:17:40:00,141,220.52,1375.94
07/Jan/2025:17:45:00,140.51,225.55,1193.48
07/Jan/2025:17:50:00,141.36,220.06,1268.28
07/Jan/2025:17:55:00,136.16,233.07,1397.75
07/Jan/2025:18:00:00,132.39,293.22,1448.72
07/Jan/2025:18:05:00,139.17,275.32,1352.82
07/Jan/2025:18:10:00,136.6,197.89,1191.69
07/Jan/2025:18:15:00,144.24,210.62,1145.64
07/Jan/2025:18:20:00,148.39,221.46,1353.97
07/Jan/2025:18:25:00,148.1,196.66,1380.2
07/Jan/2025:18:30:00,145.19,203.99,1345.55
07/Jan/2025:18:35:00,135.1,224.79,1158.63
07/Jan/2025:18:40:00,144.8,360.8,1281.35
07/Jan/2025:18:45:00,134.09,417.34,1537.92
07/Jan/2025:18:50:00,135.55,238.18,1216.93
07/Jan/2025:18:55:00,138.64,209.91,1426.24
07/Jan/2025:19:00:00,154.69,315.03,1552.12
07/Jan/2025:19:05:00,161.25,305.29,1503.97
07/Jan/2025:19:10:00,154.82,334.86,1563.25
07/Jan/2025:19:15:00,157.44,324.28,1683.22
07/Jan/2025:19:20:00,144.02,298.45,1648.63
07/Jan/2025:19:25:00,156.84,342.29,1538.84
07/Jan/2025:19:30:00,150.66,203.1,1168.36
07/Jan/2025:19:35:00,145.09,301.85,1600.9
07/Jan/2025:19:40:00,156.37,285.56,1326.74
07/Jan/2025:19:45:00,145.4,332.31,1306.1
07/Jan/2025:19:50:00,143.5,122.75,1367.83
07/Jan/2025:19:55:00,141.56,307.63,1815.18
07/Jan/2025:20:00:00,156.65,341.71,1476.98
07/Jan/2025:20:05:00,145.93,344.36,1369.09
07/Jan/2025:20:10:00,150.41,321.53,1418.24
07/Jan/2025:20:15:00,158.39,155.22,1434.61
07/Jan/2025:20:20:00,148.21,229.68,1687.75
07/Jan/2025:20:25:00,155.96,193.01,1200.42
07/Jan/2025:20:30:00,160.72,252.71,1702.13
07/Jan/2025:20:35:00,186.73,261.8,1803.08
07/Jan/2025:20:40:00,170.84,309.91,1866.26
07/Jan/2025:20:45:00,187.29,249.59,1828.39
07/Jan/2025:20:50:00,157.18,308.28,1250.75
07/Jan/2025:20:55:00,149.65,440.95,1530.53
07/Jan/2025:21:00:00,166.51,369.94,1590.07
07/Jan/2025:21:05:00,150.07,321.49,1401.74
07/Jan/2025:21:10:00,157.82,277.75,1543.75
07/Jan/2025:21:15:00,142.54,183.03,1443.22
07/Jan/2025:21:20:00,156.08,212.15,990.22
07/Jan/2025:21:25:00,164.49,391.13,1553.64
07/Jan/2025:21:30:00,140,188.78,1251.89
07/Jan/2025:21:35:00,152.3,262.37,1333.77
07/Jan/2025:21:40:00,191.75,266.16,1622.11
07/Jan/2025:21:45:00,168.55,260.67,1538.23
07/Jan/2025:21:50:00,182.63,138.7,1352.68
07/Jan/2025:21:55:00,167.68,210.7,1368.57
07/Jan/2025:22:00:00,177.65,187.18,1456.71
07/Jan/2025:22:05:00,169.14,275.63,1384.51
07/Jan/2025:22:10:00,166,193.8,1443.54
07/Jan/2025:22:15:00,160.29,180.26,1137.46
07/Jan/2025:22:20:00,154.25,182.85,1111.73
07/Jan/2025:22:25:00,171.63,102.22,1159.97
07/Jan/2025:22:30:00,171.31,155.36,1482.18
07/Jan/2025:22:35:00,165.53,218.72,1057.02
07/Jan/2025:22:40:00,178.5,265.41,1353.09
07/Jan/2025:22:45:00,164.23,208.59,1112.42
07/Jan/2025:22:50:00,161.43,213.88,1309.49
07/Jan/2025:22:55:00,162.16,330.88,1302.12
07/Jan/2025:23:00:00,157.86,242.37,1502.19
07/Jan/2025:23:05:00,172.55,233.11,1333.51
07/Jan/2025:23:10:00,156.01,155.89,1178.25
07/Jan/2025:23:15:00,145.28,199.9,1107.21
07/Jan/2025:23:20:00,153.41,201.45,1039.61
07/Jan/2025:23:25:00,159.23,138.95,866.83
07/Jan/2025:23:30:00,162.82,165.35,1070.46
07/Jan/2025:23:35:00,156.85,233.81,1078.56
07/Jan/2025:23:40:00,158,148.35,956.77
07/Jan/2025:23:45:00,179.16,294.12,1278.93
07/Jan/2025:23:50:00,180.84,230.74,1227.78
07/Jan/2025:23:55:00,163.1,243,1148.75
08/Jan/2025:00:00:00,172.26,189.93,1027.89
08/Jan/2025:00:05:00,159.97,177.12,974.17
08/Jan/2025:00:10:00,152.95,200.37,1027.13
08/Jan/2025:00:15:00,160.45,257.12,1082.66
08/Jan/2025:00:20:00,166.85,225.37,1154.28
08/Jan/2025:00:25:00,164.97,240.57,1082.28
08/Jan/2025:00:30:00,151.58,276.89,1195.06
08/Jan/2025:00:35:00,163.8,321.97,1360.79
08/Jan/2025:00:40:00,158.62,276.67,1306.87
08/Jan/2025:00:45:00,157.14,270.57,1056.99
08/Jan/2025:00:50:00,150.2,279.95,1164.04
08/Jan/2025:00:55:00,166.32,278.44,1037.12
08/Jan/2025:01:00:00,162.75,307.74,985.8
08/Jan/2025:01:05:00,161.31,267.64,1168.19
08/Jan/2025:01:10:00,161.67,226.52,1196.96
08/Jan/2025:01:15:00,154.99,260.37,1177.01
08/Jan/2025:01:20:00,153.91,260.25,1227.72
08/Jan/2025:01:25:00,158.73,256.16,1074.96
08/Jan/2025:01:30:00,161.07,369.3,1195.85
08/Jan/2025:01:35:00,167.87,331.83,1352.99
08/Jan/2025:01:40:00,154.34,284.42,1269.86
08/Jan/2025:01:45:00,154.84,229.91,1106.57
08/Jan/2025:01:50:00,153.29,210.56,1081.21
08/Jan/2025:01:55:00,154.94,292.2,1274.08
08/Jan/2025:02:00:00,170.15,335.41,1342.98
08/Jan/2025:02:05:00,159.44,323.25,1306.33
08/Jan/2025:02:10:00,159.74,256.24,1292.91
08/Jan/2025:02:15:00,164.23,235.18,1216.22
08/Jan/2025:02:20:00,155.52,416.86,1398.53
08/Jan/2025:02:25:00,164.39,433.89,1391.7
08/Jan/2025:02:30:00,158.56,317.13,1527.54
08/Jan/2025:02:35:00,172.7,287.19,1471.7
08/Jan/2025:02:40:00,170.48,315.74,1355.61
08/Jan/2025:02:45:00,161.52,285.47,1462.61
08/Jan/2025:02:50:00,159.5,280.49,1292.06
08/Jan/2025:02:55:00,162.56,274.04,1338.1
08/Jan/2025:03:00:00,177.18,306.62,1452.21
08/Jan/2025:03:05:00,169.08,405.76,1597.04
08/Jan/2025:03:10:00,170.45,248.21,1350.53
08/Jan/2025:03:15:00,166.15,259.11,1269.26
08/Jan/2025:03:20:00,172.77,261.27,1327.57
08/Jan/2025:03:25:00,173.2,234.74,1267.35
08/Jan/2025:03:30:00,166.74,247.22,1344.9
08/Jan/2025:03:35:00,170.04,263.29,1321.97
08/Jan/2025:03:40:00,176.65,240.96,1250
08/Jan/2025:03:45:00,174.58,280.75,1393.01
08/Jan/2025:03:50:00,172.95,224.09,1287.16
08/Jan/2025:03:55:00,173.03,204.48,1298.59
08/Jan/2025:04:00:00,172.54,208.04,1182.38
08/Jan/2025:04:05:00,167.1,219.21,1166.01
08/Jan/2025:04:10:00,173.03,205.68,1200.28
08/Jan/2025:04:15:00,164.92,239.25,1307.76
08/Jan/2025:04:20:00,164.64,206.18,1229.41
08/Jan/2025:04:25:00,174.48,209.6,1240.96
08/Jan/2025:04:30:00,167.74,198.14,1225.24
08/Jan/2025:04:35:00,178.17,201.62,1258.6
08/Jan/2025:04:40:00,169.73,266.39,1362.11
08/Jan/2025:04:45:00,167.92,245.3,1375.53
08/Jan/2025:04:50:00,177.53,221.87,1364.9
08/Jan/2025:04:55:00,170.85,270.55,1324.44
08/Jan/2025:05:00:00,183.62,250.38,1285.74
08/Jan/2025:05:05:00,171.65,297.8,1374.28
08/Jan/2025:05:10:00,166.84,303.15,1362.02
08/Jan/2025:05:15:00,173.47,253.03,1275.71
08/Jan/2025:05:20:00,178.01,259.78,1370.99
08/Jan/2025:05:25:00,172.91,292.33,1295.37
08/Jan/2025:05:30:00,179.8,268.91,1309.95
08/Jan/2025:05:35:00,181.44,257.51,1311.42
08/Jan/2025:05:40:00,171.09,256.89,1307.18
08/Jan/2025:05:45:00,173.28,321.91,1515.09
08/Jan/2025:05:50:00,170.67,415.04,1699.55
08/Jan/2025:05:55:00,166.09,417.73,1516.35
08/Jan/2025:06:00:00,180.95,303.24,1405.36
08/Jan/2025:06:05:00,169.29,271.5,1262.08
08/Jan/2025:06:10:00,176.79,309.28,1440.98
08/Jan/2025:06:15:00,173.58,238.71,1311.25
08/Jan/2025:06:20:00,173.33,262.64,1370.72
08/Jan/2025:06:25:00,173.94,242.63,1178.65
08/Jan/2025:06:30:00,176.72,215.48,1349.21
08/Jan/2025:06:35:00,182.2,258.61,1416.82
08/Jan/2025:06:40:00,174.01,279.4,1351.72
08/Jan/2025:06:45:00,172.38,283.9,1253.04
08/Jan/2025:06:50:00,177.68,255.89,1397.17
08/Jan/2025:06:55:00,177.35,323.58,1423.73
08/Jan/2025:07:00:00,175.28,243.29,1317.03
08/Jan/2025:07:05:00,171.16,236.72,1321.21
08/Jan/2025:07:10:00,168.26,237.75,1290.02
08/Jan/2025:07:15:00,171.56,274.09,1443.36
08/Jan/2025:07:20:00,172,276.96,1518.35
08/Jan/2025:07:25:00,171.24,249.8,1386.59
08/Jan/2025:07:30:00,170.66,239.23,1335
08/Jan/2025:07:35:00,166.8,235.94,1212.25
08/Jan/2025:07:40:00,181.19,222.08,1363.61
08/Jan/2025:07:45:00,184.25,280.64,1549.06
08/Jan/2025:07:50:00,190.04,233.45,1443.64
08/Jan/2025:07:55:00,185.12,262.82,1520.44
08/Jan/2025:08:00:00,179.38,220.38,1474.91
08/Jan/2025:08:05:00,175.19,284.65,1493.21
08/Jan/2025:08:10:00,178.79,348.31,1595.94
08/Jan/2025:08:15:00,171.09,331.86,1535.34
08/Jan/2025:08:20:00,179.76,263.86,1373.89
08/Jan/2025:08:25:00,178.89,271.17,1445.67
08/Jan/2025:08:30:00,178.4,271.18,1463.35
08/Jan/2025:08:35:00,176.37,267,1301.65
08/Jan/2025:08:40:00,177.66,327.79,1343.62
08/Jan/2025:08:45:00,172.91,246.39,1333.75
08/Jan/2025:08:50:00,172.49,217.71,1287.11
08/Jan/2025:08:55:00,167.61,212.51,1171.26
08/Jan/2025:09:00:00,178.01,249.37,1265.44
08/Jan/2025:09:05:00,181.34,219.14,1235.9
08/Jan/2025:09:10:00,174.95,195.75,1294.43
08/Jan/2025:09:15:00,175.05,237.17,1429.59
08/Jan/2025:09:20:00,165.87,238.37,1278.78
08/Jan/2025:09:25:00,171.57,208.63,1285.89
08/Jan/2025:09:30:00,169.84,209.48,1255.32
08/Jan/2025:09:35:00,169.12,289.52,1391.21
08/Jan/2025:09:40:00,171.34,475.47,1566.12
08/Jan/2025:09:45:00,165.55,256.32,1492.32
08/Jan/2025:09:50:00,181.47,250.22,1411.56
08/Jan/2025:09:55:00,174.46,302.4,1468.9
08/Jan/2025:10:00:00,176.27,217.72,1261.64
08/Jan/2025:10:05:00,177.01,285.64,1418.02
08/Jan/2025:10:10:00,170.54,256.3,1312.76
08/Jan/2025:10:15:00,161.49,206.58,1210.25
08/Jan/2025:10:20:00,159.25,245.43,1201.96
08/Jan/2025:10:25:00,164.6,237.09,1213.7
08/Jan/2025:10:30:00,162.42,272.79,1235.74
08/Jan/2025:10:35:00,161.41,195.51,1103.69
08/Jan/2025:10:40:00,154.46,239.24,1284.06
08/Jan/2025:13:40:00,173.2,209.27,1388.56
08/Jan/2025:13:45:00,175.52,240.37,1430.21
08/Jan/2025:13:50:00,175.08,179.21,1420.85
08/Jan/2025:13:55:00,172.33,228.34,1393.49
08/Jan/2025:14:00:00,172.09,202.83,1515.49
08/Jan/2025:14:05:00,170.87,214.15,1450.62
08/Jan/2025:14:10:00,167.14,203.69,1433.75
08/Jan/2025:14:15:00,163.28,209.52,1433.85
08/Jan/2025:14:20:00,168.67,191.11,1350.98
08/Jan/2025:14:25:00,159.39,201.47,1443.87
08/Jan/2025:14:30:00,165.25,211.6,1424.51
08/Jan/2025:14:35:00,161.66,182.11,1418.06
08/Jan/2025:14:40:00,158.7,164.14,1336.37
08/Jan/2025:14:45:00,165.48,212.47,1429.66
08/Jan/2025:14:50:00,159.08,172.42,1327.83
08/Jan/2025:14:55:00,157.74,198.14,1450.57
08/Jan/2025:15:00:00,162,185.23,1391.29
08/Jan/2025:15:05:00,154.91,212.7,1368.57
08/Jan/2025:15:10:00,152.76,189.27,1355.31
08/Jan/2025:15:15:00,149.63,174.45,1427.71
08/Jan/2025:15:20:00,154.48,155.68,1311.11
08/Jan/2025:15:25:00,151.88,193.49,1311.24
08/Jan/2025:15:30:00,161.69,158.2,1363.93
08/Jan/2025:15:35:00,151.95,137.58,1276.6
08/Jan/2025:15:40:00,146.88,198.97,1221.33
08/Jan/2025:15:45:00,150.03,172.25,1207.79
08/Jan/2025:15:50:00,150.23,192.95,1288.4
08/Jan/2025:15:55:00,150.41,167.52,1251.58
08/Jan/2025:16:00:00,149.76,184,1258.59
08/Jan/2025:16:05:00,145.59,184.2,1183.49
08/Jan/2025:16:10:00,144.62,153.76,1215.67
08/Jan/2025:16:15:00,141.14,152.76,1230.46
08/Jan/2025:16:20:00,143.6,189.6,1176.11
08/Jan/2025:16:25:00,143.73,170.18,1203.32
08/Jan/2025:16:30:00,145.13,186.71,1244.74
08/Jan/2025:16:35:00,144.48,151.75,1182.29
08/Jan/2025:16:40:00,144.2,207.94,1188
08/Jan/2025:16:45:00,143.69,220.07,1176.32
08/Jan/2025:16:50:00,148.67,195.2,1246.92
08/Jan/2025:16:55:00,144.86,173.66,1224.6
08/Jan/2025:17:00:00,148.65,193.1,1298.29
08/Jan/2025:17:05:00,145.12,233.87,1280.62
08/Jan/2025:17:10:00,144.69,178.65,1100.03
08/Jan/2025:17:15:00,137.18,204.88,1187.92
08/Jan/2025:17:20:00,133.61,201.19,1176.17
08/Jan/2025:17:25:00,142.56,275.6,1266.42
08/Jan/2025:17:30:00,143.4,297.09,1505.77
08/Jan/2025:17:35:00,140,353.94,1564.06
08/Jan/2025:17:40:00,137.79,345.1,1537.89
08/Jan/2025:17:45:00,136.06,247.91,1447.94
08/Jan/2025:17:50:00,137.53,166.43,1314.96
08/Jan/2025:17:55:00,143.32,248.88,1288.38
08/Jan/2025:18:00:00,143.05,280.16,1507.04
08/Jan/2025:18:05:00,142.87,221.06,1512.39
08/Jan/2025:18:10:00,141.94,199.94,1275.33
08/Jan/2025:18:15:00,143.98,182.33,1368.24
08/Jan/2025:18:20:00,145.97,126.3,1309.04
08/Jan/2025:18:25:00,142.81,156.82,1239.19
08/Jan/2025:18:30:00,138.54,116.66,1038.05
08/Jan/2025:18:35:00,145.38,105.31,1198.16
08/Jan/2025:18:40:00,143.82,193.62,1267.71
08/Jan/2025:18:45:00,137.87,119.91,1162.27
08/Jan/2025:18:50:00,147.23,196.99,1302.87
08/Jan/2025:18:55:00,139.54,210.42,1354.07
08/Jan/2025:19:00:00,135.77,214.6,1313.36
08/Jan/2025:19:05:00,137.61,187.26,1363.68
08/Jan/2025:19:10:00,146.93,165.47,1537.29
08/Jan/2025:19:15:00,155.15,206.48,1568.66
08/Jan/2025:19:20:00,160.69,250.9,1769.62
08/Jan/2025:19:25:00,137.24,182.76,1291.13
08/Jan/2025:19:30:00,142.46,205.34,1515.01
08/Jan/2025:19:35:00,141.2,217.57,1385.3
08/Jan/2025:19:40:00,142.82,157.19,1289.98
08/Jan/2025:19:45:00,156.74,151.8,1294.11
08/Jan/2025:19:50:00,135.55,213.71,1278.19
08/Jan/2025:19:55:00,150.49,167.97,1436.44
08/Jan/2025:20:00:00,147.76,241.08,1271.63
08/Jan/2025:20:05:00,150.45,212.59,1442.72
08/Jan/2025:20:10:00,160.91,320.84,1486.4
08/Jan/2025:20:15:00,161.14,270.49,1376.24
08/Jan/2025:20:20:00,142.65,211.33,1407.38
08/Jan/2025:20:25:00,149.55,278.38,1757.94
08/Jan/2025:20:30:00,141.34,178.62,1407.07
08/Jan/2025:20:35:00,147.03,207.52,1487.04
08/Jan/2025:20:40:00,158.32,200.92,1557.46
08/Jan/2025:20:45:00,155.94,207.7,1418.88
08/Jan/2025:20:50:00,151.77,195.09,1290.67
08/Jan/2025:20:55:00,152.19,84.1,943.22
08/Jan/2025:21:00:00,146.59,227.71,1153.89
08/Jan/2025:21:05:00,155.61,332.86,1437.28
08/Jan/2025:21:10:00,175.62,287.35,1461.33
08/Jan/2025:21:15:00,181.25,265.76,1497.76
08/Jan/2025:21:20:00,167.41,178.08,1640.82
08/Jan/2025:21:25:00,154.74,294.79,1361.58
08/Jan/2025:21:30:00,178.78,237.74,1530.65
08/Jan/2025:21:35:00,167.6,147.39,1399.45
08/Jan/2025:21:40:00,168.15,300.07,1546.27
08/Jan/2025:21:45:00,162.42,261.43,1478.45
08/Jan/2025:21:50:00,161.59,217.84,1278.82
08/Jan/2025:21:55:00,160.71,297.86,1332.28
08/Jan/2025:22:00:00,175.72,107.19,1309.42
08/Jan/2025:22:05:00,176.01,167.97,1308.41
08/Jan/2025:22:10:00,167.09,188.12,1381.46
08/Jan/2025:22:15:00,165.58,291.22,1459.69
08/Jan/2025:22:20:00,179.35,244.49,1340.4
08/Jan/2025:22:25:00,176.26,243.68,1551.33
08/Jan/2025:22:30:00,179.16,228.69,1443.22
08/Jan/2025:22:35:00,183.42,210,1224.11
08/Jan/2025:22:40:00,169.8,269.5,1300.42
08/Jan/2025:22:45:00,169.21,281.83,1482.47
08/Jan/2025:22:50:00,168.56,212.35,1280.09
08/Jan/2025:22:55:00,161.99,315.4,1449.49
08/Jan/2025:23:00:00,164.56,186.13,1274.97
08/Jan/2025:23:05:00,165.97,221.39,1289.75
08/Jan/2025:23:10:00,165.12,153.43,1209.32
08/Jan/2025:23:15:00,161.96,216.1,1105.39
08/Jan/2025:23:20:00,167.56,152.82,1085.86
08/Jan/2025:23:25:00,183.81,188.73,1220.98
08/Jan/2025:23:30:00,181.45,280.94,1433.47
08/Jan/2025:23:35:00,176.62,232.76,1247.87
08/Jan/2025:23:40:00,167.52,154.31,1115.5
08/Jan/2025:23:45:00,155.25,232.19,1130.35
08/Jan/2025:23:50:00,165.75,192.68,1127.04
08/Jan/2025:23:55:00,169.33,211.8,1105.67
09/Jan/2025:00:00:00,189.35,340.01,1280.63
09/Jan/2025:00:05:00,160.92,197.99,1198.06
09/Jan/2025:00:10:00,167.58,248.06,1158.7
09/Jan/2025:00:15:00,156.36,332.17,1300.83
09/Jan/2025:00:20:00,165.49,272.72,1222.29
09/Jan/2025:00:25:00,161.93,372.62,1325.48
09/Jan/2025:00:30:00,166.31,212.13,1146.03
09/Jan/2025:00:35:00,167.11,270.09,1128.73
09/Jan/2025:00:40:00,181.43,297.45,1298.71
09/Jan/2025:00:45:00,180.52,294.75,1436.8
09/Jan/2025:00:50:00,179.63,333.24,1347.98
09/Jan/2025:00:55:00,161.44,296,1362.95
09/Jan/2025:01:00:00,163.75,245.13,1143.83
09/Jan/2025:01:05:00,165.71,275.33,1090.02
09/Jan/2025:01:10:00,170.03,251.8,1133.24
09/Jan/2025:01:15:00,167.05,254.9,1153.35
09/Jan/2025:01:20:00,160.41,291.06,1194.74
09/Jan/2025:01:25:00,166.83,270.65,1314.93
09/Jan/2025:01:30:00,168.52,298.14,1244.16
09/Jan/2025:01:35:00,163.73,259.74,1176.94
09/Jan/2025:01:40:00,162.95,230.69,1238.87
09/Jan/2025:01:45:00,157.35,271.39,1293.52
09/Jan/2025:01:50:00,171.33,361.35,1411.93
09/Jan/2025:01:55:00,172.33,227.08,1296.85
09/Jan/2025:02:00:00,158.57,298.8,1382.69
09/Jan/2025:02:05:00,161.41,246.23,1259.4
09/Jan/2025:02:10:00,156.56,265.01,1264.28
09/Jan/2025:02:15:00,163.88,267.33,1203.73
09/Jan/2025:02:20:00,165.16,337.2,1418.04
09/Jan/2025:02:25:00,165.26,257.54,1233.64
09/Jan/2025:02:30:00,168.78,258.37,1299.95
09/Jan/2025:02:35:00,161.54,204.98,1116.54
09/Jan/2025:02:40:00,165.38,204.24,1209.84
09/Jan/2025:02:45:00,158.04,314.26,1366.03
09/Jan/2025:02:50:00,163.6,282.57,1410.7
09/Jan/2025:02:55:00,164.72,256.78,1352.97
09/Jan/2025:03:00:00,167.31,251.28,1296.32
09/Jan/2025:03:05:00,162.13,268.13,1276.81
09/Jan/2025:03:10:00,163.93,233.32,1131.26
09/Jan/2025:03:15:00,160.15,267.96,1257.79
09/Jan/2025:03:20:00,155.98,222.08,1225.32
09/Jan/2025:03:25:00,168.03,212.07,1238.19
09/Jan/2025:03:30:00,167.19,249.53,1267.07
09/Jan/2025:03:35:00,162.76,199.3,1218.43
09/Jan/2025:03:40:00,162.89,194.34,1128.79
09/Jan/2025:03:45:00,162.84,194.98,1184.11
09/Jan/2025:03:50:00,165.65,229.45,1275.3
09/Jan/2025:03:55:00,170.63,220.3,1246.16
09/Jan/2025:04:00:00,165.65,223.16,1182.76
09/Jan/2025:04:05:00,171.84,233.84,1234.28
09/Jan/2025:04:10:00,162.73,210.21,1112.61
09/Jan/2025:04:15:00,167.17,281.31,1300.68
09/Jan/2025:04:20:00,175.53,269.47,1313.72
09/Jan/2025:04:25:00,176.3,264.71,1364.24
09/Jan/2025:04:30:00,175.07,330.18,1555.53
09/Jan/2025:04:35:00,173.11,294.52,1538.39
09/Jan/2025:04:40:00,176.48,253.3,1328.31
09/Jan/2025:04:45:00,176.05,227.35,1228
09/Jan/2025:04:50:00,175.38,291.24,1401.12
09/Jan/2025:04:55:00,166.06,290.22,1379.74
09/Jan/2025:05:00:00,184.04,301.6,1466.56
09/Jan/2025:05:05:00,181.65,304.15,1429.33
09/Jan/2025:05:10:00,179.59,259.91,1424.31
09/Jan/2025:05:15:00,175.55,295.95,1336.64
09/Jan/2025:05:20:00,175.02,305.22,1332.93
09/Jan/2025:05:25:00,182.11,298.93,1442.92
09/Jan/2025:05:30:00,176.82,339.65,1438.82
09/Jan/2025:05:35:00,172.09,326.3,1460.93
09/Jan/2025:05:40:00,176.41,228.3,1326.27
09/Jan/2025:05:45:00,173.23,325.99,1450.32
09/Jan/2025:05:50:00,182.64,356.47,1589.34
09/Jan/2025:05:55:00,167.94,230.52,1251.13
09/Jan/2025:06:00:00,172.89,233.5,1306.23
09/Jan/2025:06:05:00,165.29,262.17,1328.72
09/Jan/2025:06:10:00,168.4,224.52,1294.31
09/Jan/2025:06:15:00,159.91,184.94,1264.93
09/Jan/2025:06:20:00,164.4,214.71,1246.24
09/Jan/2025:06:25:00,167.36,235.77,1291.66
09/Jan/2025:06:30:00,179.36,273.38,1355.25
09/Jan/2025:06:35:00,169.18,242.33,1260.54
09/Jan/2025:06:40:00,169.45,247.47,1335.73
09/Jan/2025:06:45:00,167.98,278.47,1354.91
09/Jan/2025:06:50:00,168.44,252.32,1255.39
09/Jan/2025:06:55:00,171.51,227.14,1324.59
09/Jan/2025:07:00:00,180.47,242.69,1318.75
09/Jan/2025:07:05:00,174.55,260.28,1360.32
09/Jan/2025:07:10:00,169.91,178.43,1283.36
09/Jan/2025:07:15:00,175.81,249.08,1259.51
09/Jan/2025:07:20:00,180.14,284.67,1309.27
09/Jan/2025:07:25:00,174.05,238.47,1305.19
09/Jan/2025:07:30:00,180.49,220.32,1279.61
09/Jan/2025:07:35:00,172.49,192.96,1243.77
09/Jan/2025:07:40:00,169.15,227.46,1333.68
09/Jan/2025:07:45:00,172.85,257.44,1374.75
09/Jan/2025:07:50:00,176.18,239.75,1389.71
09/Jan/2025:07:55:00,171.43,257.32,1311.12
09/Jan/2025:08:00:00,176.63,253.03,1345.78
09/Jan/2025:08:05:00,167.26,271.83,1450.14
09/Jan/2025:08:10:00,173.76,269.72,1359.66
09/Jan/2025:08:15:00,183.84,316.62,1386.74
09/Jan/2025:08:20:00,173.14,320.6,1366.76
09/Jan/2025:08:25:00,169.83,242.35,1377.39
09/Jan/2025:08:30:00,175.29,260.58,1369.58
09/Jan/2025:08:35:00,173.41,262.19,1297.36
09/Jan/2025:08:40:00,171.34,314.62,1362.01
09/Jan/2025:08:45:00,178.35,315.04,1413.13
09/Jan/2025:08:50:00,175.64,246.67,1288.44
09/Jan/2025:08:55:00,164.09,231.89,1325.82
09/Jan/2025:09:00:00,170.85,252.56,1366.71
09/Jan/2025:09:05:00,173.46,300.89,1407.98
09/Jan/2025:09:10:00,169.78,244.19,1455.23
09/Jan/2025:09:15:00,167.29,235.12,1245.02
09/Jan/2025:09:20:00,167.01,306.71,1361.8
09/Jan/2025:09:25:00,164.02,221.91,1212.42
09/Jan/2025:09:30:00,170.72,250.23,1272.6
09/Jan/2025:09:35:00,164.7,223.82,1270.55
09/Jan/2025:09:40:00,185.3,249.91,1319.96
09/Jan/2025:09:45:00,167.24,177.6,1270.05
09/Jan/2025:09:50:00,160.06,271.42,1206.42
09/Jan/2025:09:55:00,178.88,293.04,1385.09
09/Jan/2025:10:00:00,176.77,263.51,1350.66
09/Jan/2025:10:05:00,158.71,229.99,1197.01
09/Jan/2025:10:10:00,161.01,268.47,1254.04
09/Jan/2025:10:15:00,161.71,204.24,1177.05
09/Jan/2025:10:20:00,173.47,261.08,1366.97
09/Jan/2025:10:25:00,177.11,253.65,1330.98
09/Jan/2025:10:30:00,172.68,317.57,1453.9
09/Jan/2025:10:35:00,162.93,400.14,1416.28
09/Jan/2025:10:40:00,161.78,200.59,1186.96
09/Jan/2025:10:45:00,175.38,404.82,1486.52
09/Jan/2025:10:50:00,167.8,197.9,1197.49
09/Jan/2025:10:55:00,159.05,212.63,1147.44
09/Jan/2025:15:10:00,151.63,200.99,1349.22
09/Jan/2025:15:15:00,147.97,132.37,1168.11
09/Jan/2025:15:20:00,152.79,198.9,1290.68
09/Jan/2025:15:25:00,146.92,211.79,1326.6
09/Jan/2025:15:30:00,156.1,151.68,1343.92
09/Jan/2025:15:35:00,154.9,138.69,1253.58
09/Jan/2025:15:40:00,144.99,157.05,1146.85
09/Jan/2025:15:45:00,147.56,161.13,1146.13
09/Jan/2025:15:50:00,142.35,155.1,1172.29
09/Jan/2025:15:55:00,148.85,149.47,1127.89
09/Jan/2025:16:00:00,162.04,197.37,1349.64
09/Jan/2025:16:05:00,150.12,151.98,1163.04
09/Jan/2025:16:10:00,144.23,143.4,1106.25
09/Jan/2025:16:15:00,138.59,181.76,1187.5
09/Jan/2025:16:20:00,138.5,190.9,1199.92
09/Jan/2025:16:25:00,140,176.2,1149.07
09/Jan/2025:16:30:00,150.15,173.96,1250.1
09/Jan/2025:16:35:00,140.53,152.04,1255.15
09/Jan/2025:16:40:00,139.01,149.79,1122.51
09/Jan/2025:16:45:00,144.86,179.14,1080.66
09/Jan/2025:16:50:00,137.43,144.68,997.78
09/Jan/2025:16:55:00,134.65,141.97,964.22
09/Jan/2025:17:00:00,148.27,190.05,1192.85
09/Jan/2025:17:05:00,134.01,183,1076.57
09/Jan/2025:17:10:00,143.61,155.31,1212.27
09/Jan/2025:17:15:00,149.31,197.85,1240.69
09/Jan/2025:17:20:00,139.42,162.53,1190.14
09/Jan/2025:17:25:00,135.8,142.56,1106.5
09/Jan/2025:17:30:00,132.46,168.54,1142.27
09/Jan/2025:17:35:00,139.71,166.31,1210.98
09/Jan/2025:17:40:00,133.26,202.21,1164.43
09/Jan/2025:17:45:00,143.95,168.51,1179.51
09/Jan/2025:17:50:00,129.14,166.44,1171.03
09/Jan/2025:17:55:00,139.76,208.01,1252.38
09/Jan/2025:18:00:00,143.9,202.43,1398.73
09/Jan/2025:18:05:00,144.15,193.18,1318.71
09/Jan/2025:18:10:00,129.76,163.98,1123.76
09/Jan/2025:18:15:00,141.21,185.51,1197.89
09/Jan/2025:18:20:00,134.94,184.78,1225.63
09/Jan/2025:18:25:00,130.49,155.65,1197.49
09/Jan/2025:18:30:00,135.96,168.3,1172.22
09/Jan/2025:18:35:00,154.23,258.58,1304.74
09/Jan/2025:18:40:00,143.2,192.3,1193.44
09/Jan/2025:18:45:00,137.43,147.39,994.85
09/Jan/2025:18:50:00,141.92,110.67,1225.61
09/Jan/2025:18:55:00,141.83,175.1,1389.09
09/Jan/2025:19:00:00,140.94,153.09,1154.45
09/Jan/2025:19:05:00,138.54,128.89,1140.98
09/Jan/2025:19:10:00,133.49,186.2,1252.65
09/Jan/2025:19:15:00,149.21,90.45,1224.79
09/Jan/2025:19:20:00,137.59,175.68,1250.76
09/Jan/2025:19:25:00,147.05,129.1,1139.69
09/Jan/2025:19:30:00,144.51,130.7,1030.03
09/Jan/2025:19:35:00,141.04,274.12,1167.1
09/Jan/2025:19:40:00,132.67,141.45,1193.62
09/Jan/2025:19:45:00,146.86,173.39,1147.36
09/Jan/2025:19:50:00,148.71,155.76,1198.99
09/Jan/2025:19:55:00,139.71,126.69,1136.94
09/Jan/2025:20:00:00,140.36,227.01,1128.4
09/Jan/2025:20:05:00,160.95,169.2,1385.14
09/Jan/2025:20:10:00,161.37,158.39,1368.92
09/Jan/2025:20:15:00,156.86,204.81,1245.43
09/Jan/2025:20:20:00,139.36,120.94,1322.07
09/Jan/2025:20:25:00,164.75,216.57,1415.15
09/Jan/2025:20:30:00,154.51,165.68,1327.51
09/Jan/2025:20:35:00,152.95,202.86,1511.32
09/Jan/2025:20:40:00,156.62,155.02,1480.6
09/Jan/2025:20:45:00,161.3,128.49,1368.23
09/Jan/2025:20:50:00,152.56,136.23,1205.36
09/Jan/2025:20:55:00,155.83,161.25,1442.9
09/Jan/2025:21:00:00,163.56,254.73,1527.21
09/Jan/2025:21:05:00,164.67,284.27,1579.52
09/Jan/2025:21:10:00,161.11,178.27,1294.1
09/Jan/2025:21:15:00,157.6,270.37,1247.96
09/Jan/2025:21:20:00,153.61,395.94,1630.2
09/Jan/2025:21:25:00,176.66,548.24,1768.54
09/Jan/2025:21:30:00,165.6,281.79,1635.4
09/Jan/2025:21:35:00,169.86,225.28,1483.19
09/Jan/2025:21:40:00,150,190.37,1053.35
09/Jan/2025:21:45:00,160.78,539.71,1542.8
09/Jan/2025:21:50:00,152.8,264.85,1277.74
09/Jan/2025:21:55:00,160.59,167.48,1213.98
09/Jan/2025:22:00:00,160.38,154.48,1149.28
09/Jan/2025:22:05:00,153.04,259.27,1377.28
09/Jan/2025:22:10:00,157.53,221.59,1294.93
09/Jan/2025:22:15:00,166.54,200.9,1291.46
09/Jan/2025:22:20:00,192.64,165.65,1334.34
09/Jan/2025:22:25:00,191.66,165.84,1386.12
09/Jan/2025:22:30:00,182.65,340.58,1499.04
09/Jan/2025:22:35:00,169.94,265.12,1298.94
09/Jan/2025:22:40:00,168.62,280.23,1230.51
09/Jan/2025:22:45:00,162.44,202.14,1228.69
09/Jan/2025:22:50:00,162.61,221.87,1129.77
09/Jan/2025:22:55:00,162.42,221.95,1311.65
09/Jan/2025:23:00:00,167.33,156.65,1101.28
09/Jan/2025:23:05:00,160.19,276.18,1318.35
09/Jan/2025:23:10:00,155.34,291.33,1820.31
09/Jan/2025:23:15:00,158.9,306.52,1541.35
09/Jan/2025:23:20:00,158.2,282.84,1591.35
09/Jan/2025:23:25:00,170.36,341.38,1501.37
09/Jan/2025:23:30:00,164.13,376.86,1482.29
09/Jan/2025:23:35:00,171.87,269.77,1285.47
09/Jan/2025:23:40:00,161.7,186.4,1071.91
09/Jan/2025:23:45:00,166.88,204.74,993.7
09/Jan/2025:23:50:00,167.48,224.3,1190.45
09/Jan/2025:23:55:00,167.8,250.14,1132.53
10/Jan/2025:00:00:00,197.07,254.25,1284.8
10/Jan/2025:00:05:00,192.78,271.96,1277.32
10/Jan/2025:00:10:00,166.91,221.97,1206.79
10/Jan/2025:00:15:00,168.45,179.61,1126.96
10/Jan/2025:00:20:00,164.83,234.94,1172.96
10/Jan/2025:00:25:00,167.27,257.8,1143.59
10/Jan/2025:00:30:00,180.06,530.51,1530.02
10/Jan/2025:00:35:00,204.78,1548.13,4861.92
10/Jan/2025:00:40:00,174.14,195.43,1084.68
10/Jan/2025:00:45:00,188.48,257.51,1177.52
10/Jan/2025:00:50:00,176.42,266.12,1374.21
10/Jan/2025:00:55:00,159.88,255.21,1194.75
10/Jan/2025:01:00:00,156.63,202.72,1261.87
10/Jan/2025:01:05:00,158.4,256.49,1204.95
10/Jan/2025:01:10:00,152.85,198.56,1202.92
10/Jan/2025:01:15:00,158.64,210.51,1006.25
10/Jan/2025:01:20:00,170.32,327.72,1310.03
10/Jan/2025:01:25:00,157.89,266.17,1061.42
10/Jan/2025:01:30:00,157.81,223.9,1202.75
10/Jan/2025:01:35:00,158.85,238.84,1127.54
10/Jan/2025:01:40:00,165.31,224.81,1015.75
10/Jan/2025:01:45:00,177.45,195.85,1165.78
10/Jan/2025:01:50:00,160.06,248.42,1238.96
10/Jan/2025:01:55:00,161.67,212.5,1123.59
10/Jan/2025:02:00:00,159.38,263.73,1219.48
10/Jan/2025:02:05:00,156.08,218.38,1124.79
10/Jan/2025:02:10:00,165.66,207.65,1154.97
10/Jan/2025:02:15:00,169.85,244.31,1241.43
10/Jan/2025:02:20:00,164.41,220.82,1151.94
10/Jan/2025:02:25:00,154.63,231.33,1065.88
10/Jan/2025:02:30:00,154.57,190.15,1172.67
10/Jan/2025:02:35:00,160.77,194.09,1157.15
10/Jan/2025:02:40:00,151.6,215.1,1109.58
10/Jan/2025:02:45:00,152.03,179.58,1032.84
10/Jan/2025:02:50:00,156.19,179.72,1111.99
10/Jan/2025:02:55:00,155.75,288.38,1254.12
10/Jan/2025:03:00:00,160.35,227.3,1145.34
10/Jan/2025:03:05:00,170.98,280.51,1338.97
10/Jan/2025:03:10:00,163.73,272.1,1411.57
10/Jan/2025:03:15:00,165.68,214.05,1271.03
10/Jan/2025:03:20:00,155.94,212.6,1347.2
10/Jan/2025:03:25:00,166.94,259.99,1328.61
10/Jan/2025:03:30:00,166.7,290.74,1545.77
10/Jan/2025:03:35:00,160.92,252,1362.05
10/Jan/2025:03:40:00,160.52,226.25,1120.68
10/Jan/2025:03:45:00,159.63,218.75,1387.86
10/Jan/2025:03:50:00,161.44,234.02,1278.3
10/Jan/2025:03:55:00,164.53,294.65,1379.83
10/Jan/2025:04:00:00,175.33,340.13,1555.55
10/Jan/2025:04:05:00,166.44,271.26,1393.98
10/Jan/2025:04:10:00,167.42,291.33,1382.76
10/Jan/2025:04:15:00,169.06,310.06,1443.18
10/Jan/2025:04:20:00,169.22,289.49,1297.33
10/Jan/2025:04:25:00,161.2,252.28,1259.91
10/Jan/2025:04:30:00,164.6,258.83,1354.79
10/Jan/2025:04:35:00,165.72,235.31,1282.37
10/Jan/2025:04:40:00,170.42,285.79,1368.52
10/Jan/2025:04:45:00,175.64,287.38,1432.03
10/Jan/2025:04:50:00,170.67,274.04,1366.92
10/Jan/2025:04:55:00,170.15,271.22,1296.1
10/Jan/2025:05:00:00,171.19,207.57,1326.77
10/Jan/2025:05:05:00,173.77,197.75,1200.71
10/Jan/2025:05:10:00,173.46,278.37,1332.61
10/Jan/2025:05:15:00,170.93,293.81,1381.29
10/Jan/2025:05:20:00,174.62,256.95,1379.82
10/Jan/2025:05:25:00,167.46,254.28,1393.66
10/Jan/2025:05:30:00,174.77,254.71,1318.97
10/Jan/2025:05:35:00,176.31,257.99,1291.32
10/Jan/2025:05:40:00,177.25,304.28,1379.26
10/Jan/2025:05:45:00,172.98,249.33,1446.95
10/Jan/2025:05:50:00,167.59,235.19,1294.33
10/Jan/2025:05:55:00,168.19,219.68,1227.64
10/Jan/2025:06:00:00,163.63,279.42,1382.24
10/Jan/2025:06:05:00,165.37,249.82,1275.34
10/Jan/2025:06:10:00,165.56,251.27,1357.2
10/Jan/2025:06:15:00,167.67,240.32,1288.57
10/Jan/2025:06:20:00,171.12,213.92,1323.54
10/Jan/2025:06:25:00,168.15,210.99,1264.98
10/Jan/2025:06:30:00,171.9,249.12,1225.35
10/Jan/2025:06:35:00,172.16,243.88,1253.36
10/Jan/2025:06:40:00,170.19,204.19,1369.41
10/Jan/2025:06:45:00,171.81,220.31,1286.39
10/Jan/2025:06:50:00,176.79,227.41,1331.47
10/Jan/2025:06:55:00,170.69,348.44,1407.66
10/Jan/2025:07:00:00,178.64,370.8,1514.73
10/Jan/2025:07:05:00,184.15,427.76,1709.29
10/Jan/2025:07:10:00,179.43,383.41,1654.43
10/Jan/2025:07:15:00,175,385.88,1577.04
10/Jan/2025:07:20:00,173.97,351.7,1459.84
10/Jan/2025:07:25:00,175.27,318.08,1397.84
10/Jan/2025:07:30:00,174.07,253.37,1348.13
10/Jan/2025:07:35:00,168.15,235.22,1324.46
10/Jan/2025:07:40:00,165.24,248.66,1377.19
10/Jan/2025:07:45:00,165.16,237.53,1248.62
10/Jan/2025:07:50:00,167.65,218.02,1186.32
10/Jan/2025:07:55:00,172.6,190.97,1420.99
10/Jan/2025:08:00:00,168.71,222.05,1335.48
10/Jan/2025:08:05:00,162.77,225.57,1188.94
10/Jan/2025:08:10:00,165.42,210.99,1206.45
10/Jan/2025:08:15:00,167.4,213.38,1275.04
10/Jan/2025:08:20:00,164.76,213.14,1203.01
10/Jan/2025:08:25:00,166.06,255.88,1407.13
10/Jan/2025:08:30:00,169.19,214.93,1255.13
10/Jan/2025:08:35:00,167.67,221.02,1258.74
10/Jan/2025:08:40:00,160.49,263.63,1319.38
10/Jan/2025:08:45:00,163.79,228.59,1276.35
10/Jan/2025:08:50:00,166.68,244.41,1336.49
10/Jan/2025:08:55:00,157.95,269.9,1264.26
10/Jan/2025:09:00:00,164.52,249.42,1253.22
10/Jan/2025:09:05:00,157.99,207.09,1292.02
10/Jan/2025:09:10:00,161.53,206.02,1228.88
10/Jan/2025:09:15:00,160.58,210.82,1177.18
10/Jan/2025:09:20:00,172.66,232.83,1411.39
10/Jan/2025:09:25:00,178.3,179.67,1150.91
10/Jan/2025:09:30:00,168.58,209.89,1330.76
10/Jan/2025:09:35:00,176.18,243.47,1369.53
10/Jan/2025:09:40:00,182.39,278.42,1481.92
10/Jan/2025:09:45:00,180.97,232.62,1365.13
10/Jan/2025:09:50:00,174.23,291.19,1398.38
10/Jan/2025:09:55:00,172.32,261.66,1376.34
10/Jan/2025:10:00:00,169.95,302.3,1493.89
10/Jan/2025:10:05:00,176.75,278.03,1486.54
10/Jan/2025:10:10:00,162.26,268.11,1428.57
10/Jan/2025:10:15:00,167.1,269.32,1351.14
10/Jan/2025:10:20:00,164.53,244.04,1337.67
10/Jan/2025:10:25:00,168.1,290.71,1414.83
10/Jan/2025:10:30:00,163.32,222.34,1335.49
10/Jan/2025:10:35:00,173.85,255.88,1462.98
10/Jan/2025:10:40:00,173.07,293.32,1427.08
10/Jan/2025:10:45:00,169.78,234,1382.48
10/Jan/2025:10:50:00,168.26,288.43,1270.61
10/Jan/2025:10:55:00,160.44,221.95,1271.78
10/Jan/2025:11:00:00,166.29,316.94,1423.94
10/Jan/2025:11:05:00,165.62,313.75,1315.1
10/Jan/2025:11:10:00,165.53,221.53,1369.45
10/Jan/2025:11:15:00,161.85,255.05,1416.1
10/Jan/2025:11:20:00,172.5,248.1,1335.85
10/Jan/2025:11:25:00,170.54,294.58,1524.53
10/Jan/2025:11:30:00,176.74,259.26,1364.12
10/Jan/2025:11:35:00,172.08,284.95,1351.41
12/Jan/2025:15:45:00,147.53,179.33,1229.19
12/Jan/2025:15:50:00,144.52,176.62,1185.77
12/Jan/2025:15:55:00,147.83,156.88,1244.79
12/Jan/2025:16:00:00,142.47,178.1,1178.22
12/Jan/2025:16:05:00,145.03,160.08,1231.15
12/Jan/2025:16:10:00,138.43,156.97,1145.9
12/Jan/2025:16:15:00,133.48,148.2,1004.15
12/Jan/2025:16:20:00,141.24,136.1,1141.12
12/Jan/2025:16:25:00,137.88,126.74,1139.22
12/Jan/2025:16:30:00,136.24,160.18,1097.91
12/Jan/2025:16:35:00,142.82,144.49,1041.89
12/Jan/2025:16:40:00,140.03,196.64,1217.46
12/Jan/2025:16:45:00,138.16,150.19,996.88
12/Jan/2025:16:50:00,129.92,157.53,970.52
12/Jan/2025:16:55:00,137.87,199.54,1083.66
12/Jan/2025:17:00:00,148.38,174.17,1231.95
12/Jan/2025:17:05:00,138.02,128.54,1081.65
12/Jan/2025:17:10:00,133.87,137.15,1057.75
12/Jan/2025:17:15:00,128.25,114.24,1038.2
12/Jan/2025:17:20:00,135.9,162.63,1054.22
12/Jan/2025:17:25:00,139.99,141.65,1070.6
12/Jan/2025:17:30:00,138.5,130.28,1128.44
12/Jan/2025:17:35:00,143.37,202.18,1159.69
12/Jan/2025:17:40:00,135.93,137.55,1153.79
12/Jan/2025:17:45:00,144.07,199.91,1382.94
12/Jan/2025:17:50:00,147.17,179.44,1244.47
12/Jan/2025:17:55:00,132.11,136.8,1063.22
12/Jan/2025:18:00:00,130.15,143.99,1130.34
12/Jan/2025:18:05:00,132.41,186.72,1217.92
12/Jan/2025:18:10:00,136.32,166.4,1102.35
12/Jan/2025:18:15:00,133.42,111.39,1071.44
12/Jan/2025:18:20:00,132.06,140.23,1128.07
12/Jan/2025:18:25:00,130.67,136.47,1133.01
12/Jan/2025:18:30:00,137.8,178.02,1114.74
12/Jan/2025:18:35:00,126.47,155.52,1182.39
12/Jan/2025:18:40:00,124.62,114.62,1025.43
12/Jan/2025:18:45:00,135.09,173.42,1174.62
12/Jan/2025:18:50:00,135.4,222.53,1182.9
12/Jan/2025:18:55:00,131.16,107.12,964.4
12/Jan/2025:19:00:00,134.83,182.26,1083.66
12/Jan/2025:19:05:00,136.22,115.13,1067.75
12/Jan/2025:19:10:00,131.67,130.37,905
12/Jan/2025:19:15:00,138.92,125.89,1163.68
12/Jan/2025:19:20:00,143.98,241.99,1456.47
12/Jan/2025:19:25:00,151.91,219.69,1319.43
12/Jan/2025:19:30:00,143.26,201.49,1264.73
12/Jan/2025:19:35:00,141.72,290.09,1228.52
12/Jan/2025:19:40:00,141.25,135.49,1091.13
12/Jan/2025:19:45:00,143.81,277.21,1372.51
12/Jan/2025:19:50:00,136.92,187.05,1459.08
12/Jan/2025:19:55:00,146.17,416.96,1603.94
12/Jan/2025:20:00:00,169.94,174.88,1100.06
12/Jan/2025:20:05:00,144.32,121.73,1261.27
12/Jan/2025:20:10:00,134.18,300.59,1396.08
12/Jan/2025:20:15:00,140.25,315.16,1557.3
12/Jan/2025:20:20:00,133.17,266.3,1279.81
12/Jan/2025:20:25:00,147.11,125.1,1340.75
12/Jan/2025:20:30:00,151.62,201.6,1561.72
12/Jan/2025:20:35:00,143.89,212.25,1649.8
12/Jan/2025:20:40:00,148.66,362.91,1438.63
12/Jan/2025:20:45:00,156.28,334.59,1637.75
12/Jan/2025:20:50:00,152.3,177.91,1410.1
12/Jan/2025:20:55:00,148.23,356.51,1395.93
12/Jan/2025:21:00:00,151.13,169.45,1308.93
12/Jan/2025:21:05:00,174.51,345.63,1455.74
12/Jan/2025:21:10:00,153.86,171.84,1243.5
12/Jan/2025:21:15:00,159.15,171.25,1088.97
12/Jan/2025:21:20:00,150.52,163.36,1137.49
12/Jan/2025:21:25:00,157.99,262.35,1239.04
12/Jan/2025:21:30:00,163.38,165.78,1370.14
12/Jan/2025:21:35:00,162.3,204.44,1243.7
12/Jan/2025:21:40:00,147.7,138.9,1358.68
12/Jan/2025:21:45:00,181.27,479.26,1880.53
12/Jan/2025:21:50:00,175.4,130.88,1241.23
12/Jan/2025:21:55:00,170.1,179.74,1214.04
12/Jan/2025:22:00:00,158.43,127.3,1319.37
12/Jan/2025:22:05:00,163.67,179.97,1381.93
12/Jan/2025:22:10:00,161.55,200.77,1169.16
12/Jan/2025:22:15:00,161.66,159.12,1063.68
12/Jan/2025:22:20:00,171.62,117.76,1309.75
12/Jan/2025:22:25:00,178.66,207.31,1174.63
12/Jan/2025:22:30:00,170.1,215.31,1072.37
12/Jan/2025:22:35:00,168.16,228.55,1227.85
12/Jan/2025:22:40:00,159.29,110.63,948.93
12/Jan/2025:22:45:00,160.86,127.6,1150.96
12/Jan/2025:22:50:00,168.28,168.45,1141.97
12/Jan/2025:22:55:00,163.76,134.11,999
12/Jan/2025:23:00:00,175.07,247.13,1158.85
12/Jan/2025:23:05:00,149.53,129.05,1059.15
12/Jan/2025:23:10:00,154.07,170.95,912.46
12/Jan/2025:23:15:00,161.43,168.55,1117.85
12/Jan/2025:23:20:00,152.38,220.91,1114.11
12/Jan/2025:23:25:00,157.21,223.83,1111.21
12/Jan/2025:23:30:00,165.86,177.89,1077.21
12/Jan/2025:23:35:00,160.89,202.5,1126.1
12/Jan/2025:23:40:00,154.01,253.44,1231.56
12/Jan/2025:23:45:00,153.19,180.97,1084.43
12/Jan/2025:23:50:00,163.12,204.97,1155.65
12/Jan/2025:23:55:00,170.14,308.96,1181.56
13/Jan/2025:00:00:00,158.67,226.63,1140.24
13/Jan/2025:00:05:00,160.22,273.19,1143.82
13/Jan/2025:00:10:00,162.12,176.56,1013.73
13/Jan/2025:00:15:00,152.07,242.23,1077.95
13/Jan/2025:00:20:00,154.03,200.79,1064.64
13/Jan/2025:00:25:00,163.64,227.59,1009.08
13/Jan/2025:00:30:00,154.44,240.32,1179.69
13/Jan/2025:00:35:00,162.84,300.09,1318.26
13/Jan/2025:00:40:00,155.4,197.07,1097.48
13/Jan/2025:00:45:00,157.91,252.58,1035.69
13/Jan/2025:00:50:00,162.13,287.95,1356.92
13/Jan/2025:00:55:00,169.13,265.32,1178.36
13/Jan/2025:01:00:00,165.31,274.5,1157.84
13/Jan/2025:01:05:00,162.27,307.87,1283.05
13/Jan/2025:01:10:00,157.07,176.76,1073.59
13/Jan/2025:01:15:00,158.76,203.96,1094
13/Jan/2025:01:20:00,157.5,259.47,1281.11
13/Jan/2025:01:25:00,164.02,476.37,1733.63
13/Jan/2025:01:30:00,156.44,308.62,1333.89
13/Jan/2025:01:35:00,169.42,208.77,1320.77
13/Jan/2025:01:40:00,149.77,209.26,1231.78
13/Jan/2025:01:45:00,162.6,213.56,1081.15
13/Jan/2025:01:50:00,160.46,278.72,1189.44
13/Jan/2025:01:55:00,159.74,201.09,1216.55
13/Jan/2025:02:00:00,158.1,240.99,1240.27
13/Jan/2025:02:05:00,161.91,241.52,1297.83
13/Jan/2025:02:10:00,158.44,241.96,1145.21
13/Jan/2025:02:15:00,156.89,228.32,1240.83
13/Jan/2025:02:20:00,161.23,262.44,1262.07
13/Jan/2025:02:25:00,158.37,220.8,1245.3
13/Jan/2025:02:30:00,158.31,212.15,1220.52
13/Jan/2025:02:35:00,157.49,238.91,1274.84
13/Jan/2025:02:40:00,151.92,300.33,1383.85
13/Jan/2025:02:45:00,158.82,282.69,1363.82
13/Jan/2025:02:50:00,158.27,277.18,1329.02
13/Jan/2025:02:55:00,159.7,252.17,1262.03
13/Jan/2025:03:00:00,168.4,267.87,1386.99
13/Jan/2025:03:05:00,159.62,238.22,1325.03
13/Jan/2025:03:10:00,157.64,264.85,1292.08
13/Jan/2025:03:15:00,155.12,307.03,1338.45
13/Jan/2025:03:20:00,160.12,351.29,1404.19
13/Jan/2025:03:25:00,159.46,273.65,1348.82
13/Jan/2025:03:30:00,165.49,269.74,1263.94
13/Jan/2025:03:35:00,162.65,253.32,1311.86
13/Jan/2025:03:40:00,166.28,206.89,1186.33
13/Jan/2025:03:45:00,161.38,233.97,1174.34
13/Jan/2025:03:50:00,159.16,182.87,1148.69
13/Jan/2025:03:55:00,163.48,210.01,1184.43
13/Jan/2025:04:00:00,163.25,249.36,1352.09
13/Jan/2025:04:05:00,162.61,293.07,1339.48
13/Jan/2025:04:10:00,156.17,236.91,1254.65
13/Jan/2025:04:15:00,164.52,236.73,1350.32
13/Jan/2025:04:20:00,160.79,265.33,1370.57
13/Jan/2025:04:25:00,162.08,243.4,1260.5
13/Jan/2025:04:30:00,163.25,237.7,1238.38
13/Jan/2025:04:35:00,156.93,201.13,1236.08
13/Jan/2025:04:40:00,158.75,189.32,1213.61
13/Jan/2025:04:45:00,163.43,235.69,1165.82
13/Jan/2025:04:50:00,161.13,201.86,1192.76
13/Jan/2025:04:55:00,175.54,227.59,1354.11
13/Jan/2025:05:00:00,173.54,184.68,1219.83
13/Jan/2025:05:05:00,168.15,226.03,1341.2
13/Jan/2025:05:10:00,169.55,241.78,1335.6
13/Jan/2025:05:15:00,167.98,305.03,1396.74
13/Jan/2025:05:20:00,168.42,335.53,1437.49
13/Jan/2025:05:25:00,172.28,313.75,1462.85
13/Jan/2025:05:30:00,171.94,370.08,1505.19
13/Jan/2025:05:35:00,158.69,357.36,1386.16
13/Jan/2025:05:40:00,165.75,334.16,1435.9
13/Jan/2025:05:45:00,166.82,317.42,1512.58
13/Jan/2025:05:50:00,168.07,287.29,1482.8
13/Jan/2025:05:55:00,169.16,265.76,1343.34
13/Jan/2025:06:00:00,166.14,301.86,1368.24
13/Jan/2025:06:05:00,163.82,273.47,1322.87
13/Jan/2025:06:10:00,168.54,271.36,1305.42
13/Jan/2025:06:15:00,163.88,294.73,1347.27
13/Jan/2025:06:20:00,169.86,321.97,1347.36
13/Jan/2025:06:25:00,169.97,253.42,1320.39
13/Jan/2025:06:30:00,177.87,281.61,1474.62
13/Jan/2025:06:35:00,169.63,283.49,1418.46
13/Jan/2025:06:40:00,163.27,214.91,1282.16
13/Jan/2025:06:45:00,164.63,212.35,1249.33
13/Jan/2025:06:50:00,170.86,310.03,1573.95
13/Jan/2025:06:55:00,171.59,219.37,1239.22
13/Jan/2025:07:00:00,170.08,279.29,1471.08
13/Jan/2025:07:05:00,163.59,221.56,1334.39
13/Jan/2025:07:10:00,172.76,202.78,1333.8
13/Jan/2025:07:15:00,167.06,265.43,1456.11
13/Jan/2025:07:20:00,168.33,325.08,1419.09
13/Jan/2025:07:25:00,165.97,247.57,1332.59
13/Jan/2025:07:30:00,164.74,310.86,1535.45
13/Jan/2025:07:35:00,173.88,289.3,1404.3
13/Jan/2025:07:40:00,163.2,274.14,1356.49
13/Jan/2025:07:45:00,161.06,188.49,1192.01
13/Jan/2025:07:50:00,171.26,324.43,1367.67
13/Jan/2025:07:55:00,170.02,277.93,1225.44
13/Jan/2025:08:00:00,166.03,246.36,1413.61
13/Jan/2025:08:05:00,169.58,236.23,1341.91
13/Jan/2025:08:10:00,176.16,248.18,1256.77
13/Jan/2025:08:15:00,168,262.92,1319.08
13/Jan/2025:08:20:00,165.77,269.12,1325.59
13/Jan/2025:08:25:00,160.38,225.91,1283.03
13/Jan/2025:08:30:00,165.86,246.39,1284.11
13/Jan/2025:08:35:00,169.03,238.85,1301.47
13/Jan/2025:08:40:00,168.64,243.02,1340.12
13/Jan/2025:08:45:00,161.83,260.51,1295.49
13/Jan/2025:08:50:00,169.21,251.49,1443.22
13/Jan/2025:08:55:00,165.21,246.92,1454.26
13/Jan/2025:09:00:00,170.84,274.94,1407.6
13/Jan/2025:09:05:00,161.64,241.72,1391.37
13/Jan/2025:09:10:00,159.33,258.99,1199.38
13/Jan/2025:09:15:00,169,244.78,1393.95
13/Jan/2025:09:20:00,165.99,244.06,1341.72
13/Jan/2025:09:25:00,161,277.74,1305.81
13/Jan/2025:09:30:00,166.47,251.45,1315.11
13/Jan/2025:09:35:00,169.58,268.19,1252.25
13/Jan/2025:09:40:00,168.75,227.83,1308.32
13/Jan/2025:09:45:00,168.05,220.97,1275.5
13/Jan/2025:09:50:00,168.1,271.93,1360.61
13/Jan/2025:09:55:00,164.36,246.13,1272.37
13/Jan/2025:10:00:00,167.65,246.4,1360.79
13/Jan/2025:10:05:00,168.63,276.01,1321.54
13/Jan/2025:10:10:00,166.07,227.82,1266.85
13/Jan/2025:10:15:00,171.3,245.81,1345.8
13/Jan/2025:10:20:00,167.07,251.65,1359.82
13/Jan/2025:10:25:00,168.18,261.14,1249.58
13/Jan/2025:10:30:00,164.98,309.31,1480.51
13/Jan/2025:10:35:00,166.83,338.75,1632.59
13/Jan/2025:10:40:00,161.98,419.96,1759.85
13/Jan/2025:10:45:00,162.43,305.76,1550.1
13/Jan/2025:10:50:00,175.32,250.95,1315.7
13/Jan/2025:10:55:00,167.27,231.76,1210.41
13/Jan/2025:11:00:00,160.7,228.03,1271.03
13/Jan/2025:13:35:00,171.04,246.34,1463.74
13/Jan/2025:13:40:00,178.11,279.24,1570.36
13/Jan/2025:13:45:00,171.91,292.77,1573.4
13/Jan/2025:13:50:00,173.23,243.81,1496.37
13/Jan/2025:13:55:00,173.51,255.66,1515.34
13/Jan/2025:14:00:00,171.52,193.75,1448.43
13/Jan/2025:14:05:00,169.62,203.02,1377.25
13/Jan/2025:14:10:00,174.77,190.99,1452.94
13/Jan/2025:14:15:00,165.57,199.19,1471.59
13/Jan/2025:14:20:00,167.3,152.89,1415
13/Jan/2025:14:25:00,158.63,232.12,1547.48
13/Jan/2025:14:30:00,162.05,165.64,1382.69
13/Jan/2025:14:35:00,167.67,172.45,1375.4
13/Jan/2025:14:40:00,160.36,187.21,1452.62
13/Jan/2025:14:45:00,157.36,192.25,1448.44
13/Jan/2025:14:50:00,161.42,200.27,1374.06
13/Jan/2025:14:55:00,158.09,175.32,1353.8
13/Jan/2025:15:00:00,157.69,171.12,1300.63
13/Jan/2025:15:05:00,153.02,156.47,1422.28
13/Jan/2025:15:10:00,154.66,160.2,1272.06
13/Jan/2025:15:15:00,158.38,197.69,1401.51
13/Jan/2025:15:20:00,148.35,172.31,1256.58
13/Jan/2025:15:25:00,149.57,148.62,1290.36
13/Jan/2025:15:30:00,147.31,129.73,1200.24
13/Jan/2025:15:35:00,147.38,119.81,1258.84
13/Jan/2025:15:40:00,150.74,172.1,1191.58
13/Jan/2025:15:45:00,148.32,150.97,1217.36
13/Jan/2025:15:50:00,151.11,144.85,1281.03
13/Jan/2025:15:55:00,152.69,163.34,1216.87
13/Jan/2025:16:00:00,145.84,162.39,1229.04
13/Jan/2025:16:05:00,145.81,206.4,1400.53
13/Jan/2025:16:10:00,138.21,189.73,1277.84
13/Jan/2025:16:15:00,138.9,172.53,1258.86
13/Jan/2025:16:20:00,144.85,154.15,1122.32
13/Jan/2025:16:25:00,137.09,148.03,1160.47
13/Jan/2025:16:30:00,142.82,151.91,1125.64
13/Jan/2025:16:35:00,138.91,187.52,1137.09
13/Jan/2025:16:40:00,136.82,169.68,1180.07
13/Jan/2025:16:45:00,133.25,172.17,1136.02
13/Jan/2025:16:50:00,138.87,103.6,1085
13/Jan/2025:16:55:00,138.87,131.61,1151.34
13/Jan/2025:17:00:00,140.17,147.91,1019.54
13/Jan/2025:17:05:00,134.83,136.86,1063.42
13/Jan/2025:17:10:00,136.21,162.91,1249.32
13/Jan/2025:17:15:00,142.73,207.85,1371.66
13/Jan/2025:17:20:00,143.48,273.43,1402.48
13/Jan/2025:17:25:00,141.69,248.87,1262.47
13/Jan/2025:17:30:00,133.24,298.96,1309.29
13/Jan/2025:17:35:00,135.89,229.97,1164.37
13/Jan/2025:17:40:00,138.07,188.13,1165.66
13/Jan/2025:17:45:00,140.79,184.67,1081.54
13/Jan/2025:17:50:00,138.3,154.66,1085.76
13/Jan/2025:17:55:00,145.32,160.07,1274.1
13/Jan/2025:18:00:00,135.44,105.83,1167.62
13/Jan/2025:18:05:00,137.28,152.64,1150.99
13/Jan/2025:18:10:00,140.64,161.52,1402.87
13/Jan/2025:18:15:00,138.86,159.58,1292.68
13/Jan/2025:18:20:00,134.14,183.31,1300.7
13/Jan/2025:18:25:00,145.02,152.34,1252.63
13/Jan/2025:18:30:00,135.97,90.74,1299.41
13/Jan/2025:18:35:00,149.58,175.09,1214.41
13/Jan/2025:18:40:00,136.52,138.74,1109.72
13/Jan/2025:18:45:00,145.11,131.47,1156.48
13/Jan/2025:18:50:00,135.81,111.57,990.81
13/Jan/2025:18:55:00,143.83,201.33,1286.37
13/Jan/2025:19:00:00,134.87,160.13,1002.1
13/Jan/2025:19:05:00,141.64,168.42,1144.4
13/Jan/2025:19:10:00,144.28,217.11,1298.83
13/Jan/2025:19:15:00,142.62,192.41,1367.6
13/Jan/2025:19:20:00,137.59,158.04,981.66
13/Jan/2025:19:25:00,137.31,156.56,1368.22
13/Jan/2025:19:30:00,137.74,170.63,1219.9
13/Jan/2025:19:35:00,139.17,185.1,1315.45
13/Jan/2025:19:40:00,141.93,116.74,1361.27
13/Jan/2025:19:45:00,137.82,72.82,880.65
13/Jan/2025:19:50:00,141.91,151.42,1008.32
13/Jan/2025:19:55:00,149.62,171.36,1391.32
13/Jan/2025:20:00:00,138.19,135.21,1044.73
13/Jan/2025:20:05:00,154.19,231.26,1348.6
13/Jan/2025:20:10:00,144.19,72.62,1020.05
13/Jan/2025:20:15:00,144.66,143.23,1139.9
13/Jan/2025:20:20:00,141.53,117.1,1239.18
13/Jan/2025:20:25:00,146.64,215.61,1277.74
13/Jan/2025:20:30:00,145.06,156.57,1337.6
13/Jan/2025:20:35:00,146.65,252.03,1544.55
13/Jan/2025:20:40:00,137.81,185.63,1495.65
13/Jan/2025:20:45:00,168.45,295.75,1786.21
13/Jan/2025:20:50:00,170.83,270.03,1981.81
13/Jan/2025:20:55:00,160.33,229.09,1272.39
13/Jan/2025:21:00:00,157.97,267.46,1791.25
13/Jan/2025:21:05:00,161.13,95.38,1204.14
13/Jan/2025:21:10:00,160.75,252.54,1779.92
13/Jan/2025:21:15:00,151.09,185.46,1390.18
13/Jan/2025:21:20:00,155.02,143.28,1391.92
13/Jan/2025:21:25:00,155.74,184.41,1690.59
13/Jan/2025:21:30:00,157.6,285.44,1602.42
13/Jan/2025:21:35:00,169.14,167.88,1305.89
13/Jan/2025:21:40:00,184.43,198.47,1084.59
13/Jan/2025:21:45:00,179.38,189.56,1268.18
13/Jan/2025:21:50:00,183.98,112.32,1185.95
13/Jan/2025:21:55:00,180.68,183.9,1176.49
13/Jan/2025:22:00:00,163.36,219.19,1546.25
13/Jan/2025:22:05:00,190.75,250.21,1555.24
13/Jan/2025:22:10:00,159.08,128.45,1093.62
13/Jan/2025:22:15:00,163.65,213.76,1581.43
13/Jan/2025:22:20:00,156.27,185.29,1219.81
13/Jan/2025:22:25:00,164.89,190.29,1378.25
13/Jan/2025:22:30:00,173.82,361.53,1760.75
13/Jan/2025:22:35:00,164.81,174.95,1263.54
13/Jan/2025:22:40:00,162.68,204.82,1448.71
13/Jan/2025:22:45:00,153.49,141.62,1268.88
13/Jan/2025:22:50:00,151.69,202.67,1204.51
13/Jan/2025:22:55:00,166.17,173.3,1009.86
13/Jan/2025:23:00:00,154.77,193.51,1192.38
13/Jan/2025:23:05:00,155.15,224.09,1053.49
13/Jan/2025:23:10:00,160.06,179.98,1097.54
13/Jan/2025:23:15:00,151.35,223,1171.13
13/Jan/2025:23:20:00,172.12,183.24,1154.5
13/Jan/2025:23:25:00,171.11,310.57,1372.09
13/Jan/2025:23:30:00,157.14,205.93,1244.12
13/Jan/2025:23:35:00,155.21,220.19,1069.05
13/Jan/2025:23:40:00,159.31,153.78,1144.86
13/Jan/2025:23:45:00,154.9,251.82,1191.73
13/Jan/2025:23:50:00,153.89,207.2,1086.75
13/Jan/2025:23:55:00,152.81,189.06,1072.32
14/Jan/2025:00:00:00,153.32,167.78,1089.53
14/Jan/2025:00:05:00,153.87,271.38,1216.41
14/Jan/2025:00:10:00,154.78,292.86,1271.99
14/Jan/2025:00:15:00,154.89,238.35,1148.75
14/Jan/2025:00:20:00,163.76,229.02,1195.81
14/Jan/2025:00:25:00,156.04,227.49,1135.65
14/Jan/2025:00:30:00,160.12,339.94,1497.55
14/Jan/2025:00:35:00,163.62,442.46,1777.77
14/Jan/2025:00:40:00,152.3,320.81,1560.64
14/Jan/2025:00:45:00,155.34,268.99,1216.76
14/Jan/2025:00:50:00,153.46,253.5,1092.99
14/Jan/2025:00:55:00,160.38,226.11,1186.96
14/Jan/2025:01:00:00,161.46,264.63,1241.86
14/Jan/2025:01:05:00,153.6,192.26,1151.21
14/Jan/2025:01:10:00,164.22,233.3,1143.63
14/Jan/2025:01:15:00,155.26,358.65,1475.48
14/Jan/2025:01:20:00,158.58,329.81,1416.71
14/Jan/2025:01:25:00,148.37,300.55,1326.14
14/Jan/2025:01:30:00,153.93,238.06,1149.51
14/Jan/2025:01:35:00,160.04,289.22,1306.91
14/Jan/2025:01:40:00,159.26,233.61,1203.87
14/Jan/2025:01:45:00,165.01,206.22,1158.64
14/Jan/2025:01:50:00,152.96,215.46,1117.82
14/Jan/2025:01:55:00,163.16,232.93,1281.01
14/Jan/2025:02:00:00,163.95,202.64,1232.48
14/Jan/2025:02:05:00,157.08,232.26,1285.36
14/Jan/2025:02:10:00,163.71,226.29,1287.73
14/Jan/2025:02:15:00,166.22,206.57,1282.58
14/Jan/2025:02:20:00,168.32,237.82,1220.48
14/Jan/2025:02:25:00,165.32,238.66,1256.86
14/Jan/2025:02:30:00,169.31,261.3,1375.93
14/Jan/2025:02:35:00,163.01,209.76,1295.72
14/Jan/2025:02:40:00,164.42,242.11,1237.58
14/Jan/2025:02:45:00,159.02,196.73,1319.46
14/Jan/2025:02:50:00,161.89,224.78,1206.85
14/Jan/2025:02:55:00,154.18,231.7,1189.44
14/Jan/2025:03:00:00,164.34,197.41,1307.86
14/Jan/2025:03:05:00,164.46,196.79,1315.06
14/Jan/2025:03:10:00,169.21,272.45,1313.16
14/Jan/2025:03:15:00,168.74,214.97,1146.84
14/Jan/2025:03:20:00,168.74,258.42,1278.41
14/Jan/2025:03:25:00,164.5,268.22,1374.1
14/Jan/2025:03:30:00,161.96,228.14,1309.24
14/Jan/2025:03:35:00,166.1,252.93,1228.29
14/Jan/2025:03:40:00,167.06,270.47,1431.8
14/Jan/2025:03:45:00,162.41,321.95,1531.54
14/Jan/2025:03:50:00,165.28,264.55,1372.1
14/Jan/2025:03:55:00,163.98,324.28,1648.49
14/Jan/2025:04:00:00,170.95,299.3,1502.86
14/Jan/2025:04:05:00,173.79,273.26,1396.44
14/Jan/2025:04:10:00,162.72,230.04,1378.26
14/Jan/2025:04:15:00,157.28,250.91,1290.83
14/Jan/2025:04:20:00,161.52,222.53,1198.96
14/Jan/2025:04:25:00,170.14,230.58,1316.32
14/Jan/2025:04:30:00,166.9,260.35,1248.13
14/Jan/2025:04:35:00,170.33,215.88,1234.71
14/Jan/2025:04:40:00,159.69,297.81,1497.38
14/Jan/2025:04:45:00,163.1,232.04,1384.54
14/Jan/2025:04:50:00,177.91,264.42,1500.45
14/Jan/2025:04:55:00,165.32,267.43,1401.23
14/Jan/2025:05:00:00,176.47,288.97,1440.57
14/Jan/2025:05:05:00,173.91,325.25,1425.65
14/Jan/2025:05:10:00,164.82,330.58,1427.04
14/Jan/2025:05:15:00,167.02,257.02,1331.18
14/Jan/2025:05:20:00,166.06,262.37,1367.64
14/Jan/2025:05:25:00,161.78,296.91,1323.97
14/Jan/2025:05:30:00,163.71,251.81,1344.52
14/Jan/2025:05:35:00,163.22,278.14,1392.34
14/Jan/2025:05:40:00,160.63,253.6,1347.84
14/Jan/2025:05:45:00,165.28,266.22,1340.93
14/Jan/2025:05:50:00,167.52,290.4,1493.17
14/Jan/2025:05:55:00,162.42,297.26,1394.45
14/Jan/2025:06:00:00,160.38,284.42,1330.96
14/Jan/2025:06:05:00,165.17,270.96,1406.41
14/Jan/2025:06:10:00,172.41,285.44,1403.67
14/Jan/2025:06:15:00,161.92,235.35,1307.65
14/Jan/2025:06:20:00,161.57,287.7,1386.5
14/Jan/2025:06:25:00,164.37,197.93,1308.49
14/Jan/2025:06:30:00,163.68,236.64,1294.9
14/Jan/2025:06:35:00,161.23,237.36,1295.39
14/Jan/2025:06:40:00,164.07,237.84,1383.76
14/Jan/2025:06:45:00,163.67,259.02,1311.6
14/Jan/2025:06:50:00,160.46,295.34,1267.26
14/Jan/2025:06:55:00,163.56,242.81,1214.38
14/Jan/2025:07:00:00,169.82,244.37,1305.68
14/Jan/2025:07:05:00,170.06,252.41,1302.49
14/Jan/2025:07:10:00,164.22,224.41,1266.32
14/Jan/2025:07:15:00,170.04,230.01,1359.7
14/Jan/2025:07:20:00,168.34,270.27,1324.41
14/Jan/2025:07:25:00,164.56,237.1,1366.42
14/Jan/2025:07:30:00,165.23,257.25,1316.76
14/Jan/2025:07:35:00,163.9,283.07,1447.6
14/Jan/2025:07:40:00,162.09,252.08,1481.71
14/Jan/2025:07:45:00,163.74,240.77,1233.61
14/Jan/2025:07:50:00,163.08,249.24,1242.57
14/Jan/2025:07:55:00,168.5,249.97,1266.5
14/Jan/2025:08:00:00,168.9,265.87,1369.45
14/Jan/2025:08:05:00,165.09,233.31,1286.21
14/Jan/2025:08:10:00,162.58,213.23,1402.77
14/Jan/2025:08:15:00,172.39,210.7,1255.41
14/Jan/2025:08:20:00,171.08,273.07,1410.08
14/Jan/2025:08:25:00,165.64,237.8,1298.87
14/Jan/2025:08:30:00,167.47,219.17,1301.48
14/Jan/2025:08:35:00,168.23,267.58,1339.73
14/Jan/2025:08:40:00,165.23,268.88,1384.91
14/Jan/2025:08:45:00,168.82,235.45,1300.42
14/Jan/2025:08:50:00,170.51,241.93,1479.91
14/Jan/2025:08:55:00,172.15,236.88,1398.14
14/Jan/2025:09:00:00,169.13,180.01,1190.18
14/Jan/2025:09:05:00,170.79,251.16,1337.69
14/Jan/2025:09:10:00,168.89,247.85,1366.89
14/Jan/2025:09:15:00,168.79,241.68,1334.54
14/Jan/2025:09:20:00,168.81,258.67,1508.94
14/Jan/2025:09:25:00,165.1,280.83,1561.62
14/Jan/2025:09:30:00,166.43,235.94,1340.96
14/Jan/2025:09:35:00,165.28,231.88,1304.29
14/Jan/2025:09:40:00,164.14,220.01,1273.91
14/Jan/2025:09:45:00,160.66,230.4,1330.04
14/Jan/2025:09:50:00,163.89,292.48,1426.98
14/Jan/2025:09:55:00,168.92,269.77,1359.17
14/Jan/2025:10:00:00,178.26,242.73,1384.84
14/Jan/2025:10:05:00,164.48,226.79,1306.98
14/Jan/2025:10:10:00,160.76,256.67,1201.72
14/Jan/2025:10:15:00,162.4,233.46,1262.59
14/Jan/2025:10:20:00,165.02,303.2,1418.47
14/Jan/2025:10:25:00,159.65,238.3,1312.45
14/Jan/2025:10:30:00,159.68,236.46,1284.24
14/Jan/2025:10:35:00,165.71,263.87,1310.16
14/Jan/2025:10:40:00,161.62,243.84,1449.2
14/Jan/2025:10:45:00,158.63,212.11,1277.21
14/Jan/2025:10:50:00,159.82,202.2,1235.81
14/Jan/2025:10:55:00,167.33,242.47,1300.33
14/Jan/2025:11:00:00,166.09,237.95,1267.68
14/Jan/2025:11:05:00,164,251.36,1220.18
14/Jan/2025:14:10:00,171.7,210.03,1508.17
14/Jan/2025:14:15:00,169.21,175.06,1377.47
14/Jan/2025:14:20:00,165.81,182.09,1461.37
14/Jan/2025:14:25:00,164.85,182.02,1480.38
14/Jan/2025:14:30:00,167.83,171.82,1336.53
14/Jan/2025:14:35:00,163.17,190.1,1382.28
14/Jan/2025:14:40:00,161.29,178.76,1384.11
14/Jan/2025:14:45:00,157.28,188.01,1355.26
14/Jan/2025:14:50:00,156.45,164.54,1349
14/Jan/2025:14:55:00,154.92,155.48,1315.61
14/Jan/2025:15:00:00,156.05,216.84,1356.43
14/Jan/2025:15:05:00,154.29,177.51,1368.01
14/Jan/2025:15:10:00,152,154.92,1188
14/Jan/2025:15:15:00,149.02,165.1,1302.22
14/Jan/2025:15:20:00,149.48,156.53,1243.17
14/Jan/2025:15:25:00,147.05,146.91,1245.44
14/Jan/2025:15:30:00,145.63,137.61,1287.44
14/Jan/2025:15:35:00,145.93,113.64,1262.32
14/Jan/2025:15:40:00,143.08,141.43,1175.79
14/Jan/2025:15:45:00,146.27,159.81,1187.32
14/Jan/2025:15:50:00,146.38,153.91,1151.24
14/Jan/2025:15:55:00,143.68,139.9,1157.9
14/Jan/2025:16:00:00,146.25,144.8,1138.72
14/Jan/2025:16:05:00,144.12,191.06,1161.47
14/Jan/2025:16:10:00,139.65,123.67,1104.83
14/Jan/2025:16:15:00,138.17,180.85,1233.69
14/Jan/2025:16:20:00,141.77,140.17,1207.18
14/Jan/2025:16:25:00,142.15,299.23,1452.89
14/Jan/2025:16:30:00,146.93,150.55,1135.22
14/Jan/2025:16:35:00,136.56,154.24,1236.01
14/Jan/2025:16:40:00,140.05,176.42,1206.68
14/Jan/2025:16:45:00,131.41,152.05,1060.5
14/Jan/2025:16:50:00,131.6,163.98,1029.17
14/Jan/2025:16:55:00,138.73,225.39,1310.3
14/Jan/2025:17:00:00,146.93,188.97,1246.77
14/Jan/2025:17:05:00,137.48,192.79,1234.51
14/Jan/2025:17:10:00,134.62,205.11,1242.79
14/Jan/2025:17:15:00,131.7,320.8,1487
14/Jan/2025:17:20:00,138.39,210.84,1247.29
14/Jan/2025:17:25:00,130.97,136.66,990.7
14/Jan/2025:17:30:00,135.21,131.33,929.63
14/Jan/2025:17:35:00,134.81,131.02,976.97
14/Jan/2025:17:40:00,131.86,163.42,1044.31
14/Jan/2025:17:45:00,134.52,167.92,1110.74
14/Jan/2025:17:50:00,134.73,210.28,1216.96
14/Jan/2025:17:55:00,130.5,137.4,946.27
14/Jan/2025:18:00:00,125.13,179.36,1001.8
14/Jan/2025:18:05:00,143.45,181.29,1117.71
14/Jan/2025:18:10:00,139.97,215.75,1228.72
14/Jan/2025:18:15:00,131.15,126.09,1199.41
14/Jan/2025:18:20:00,136.82,172.9,1069.02
14/Jan/2025:18:25:00,141.48,232.55,1343.17
14/Jan/2025:18:30:00,139.39,213.83,1364.66
14/Jan/2025:18:35:00,140.3,151.43,1031.6
14/Jan/2025:18:40:00,135.1,156.31,1046.4
14/Jan/2025:18:45:00,135.97,153.14,1052.47
14/Jan/2025:18:50:00,125.12,99.37,931.88
14/Jan/2025:18:55:00,131.88,141.73,1105.54
14/Jan/2025:19:00:00,135.65,191.37,1245.27
14/Jan/2025:19:05:00,139.79,259.26,1257.72
14/Jan/2025:19:10:00,139.49,220.41,1323.79
14/Jan/2025:19:15:00,142.23,222.62,1428.68
14/Jan/2025:19:20:00,142.93,155.52,1164.54
14/Jan/2025:19:25:00,142.76,113.02,1149.43
14/Jan/2025:19:30:00,157.36,152.96,1059.29
14/Jan/2025:19:35:00,141.04,104.31,1023.85
14/Jan/2025:19:40:00,154.03,172.59,1075.02
14/Jan/2025:19:45:00,147.26,158.04,1075.02
14/Jan/2025:19:50:00,135.8,152.67,1114.77
14/Jan/2025:19:55:00,146.42,181.15,1179.12
14/Jan/2025:20:00:00,139.93,186.68,1260.68
14/Jan/2025:20:05:00,167.61,248.55,1371.21
14/Jan/2025:20:10:00,134.89,189.81,1150.57
14/Jan/2025:20:15:00,136.14,202.55,1291.66
14/Jan/2025:20:20:00,160.29,188.88,1200.2
14/Jan/2025:20:25:00,159.48,200.71,1276.06
14/Jan/2025:20:30:00,165.04,282.39,1329.03
14/Jan/2025:20:35:00,150.37,226.64,1234.94
14/Jan/2025:20:40:00,175.56,279.55,1722.27
14/Jan/2025:20:45:00,156.78,131.57,1647.52
14/Jan/2025:20:50:00,192.95,177.79,1058.4
14/Jan/2025:20:55:00,156.32,257.67,1066.55
14/Jan/2025:21:00:00,143.62,113.74,943.58
14/Jan/2025:21:05:00,149.59,362.44,1791
14/Jan/2025:21:10:00,168.03,115.3,1442.7
14/Jan/2025:21:15:00,182.73,308.19,1293.34
14/Jan/2025:21:20:00,171.35,245.98,1241.22
14/Jan/2025:21:25:00,175.04,150.3,1512.52
14/Jan/2025:21:30:00,174.78,225.39,1357.27
14/Jan/2025:21:35:00,177.79,295.15,1693.79
14/Jan/2025:21:40:00,159.2,276.56,1634.72
14/Jan/2025:21:45:00,185.81,171.35,1473.41
14/Jan/2025:21:50:00,159.55,207.42,1358.31
14/Jan/2025:21:55:00,168.44,132,1182.31
14/Jan/2025:22:00:00,173.23,184.14,1369.81
14/Jan/2025:22:05:00,163.41,163.98,1166.95
14/Jan/2025:22:10:00,140.43,127.55,1344.34
14/Jan/2025:22:15:00,148.56,185.2,1188.56
14/Jan/2025:22:20:00,148.8,81.96,932.5
14/Jan/2025:22:25:00,160.71,151.73,1182.95
14/Jan/2025:22:30:00,149.88,104.82,1091.54
14/Jan/2025:22:35:00,157.37,128.68,1172.17
14/Jan/2025:22:40:00,158.77,115.21,1006.33
14/Jan/2025:22:45:00,156.82,211.2,1263.38
14/Jan/2025:22:50:00,165.53,243.21,1179.91
14/Jan/2025:22:55:00,165.78,209.41,1144.71
14/Jan/2025:23:00:00,163.68,177.86,1241.88
14/Jan/2025:23:05:00,157.94,171.28,1251.95
14/Jan/2025:23:10:00,161.29,177.54,1068.8
14/Jan/2025:23:15:00,160.45,125.46,1120.04
14/Jan/2025:23:20:00,160.16,203.22,1117.63
14/Jan/2025:23:25:00,153.72,187.94,1057.65
14/Jan/2025:23:30:00,160.88,252.11,1143.47
14/Jan/2025:23:35:00,158.46,250.5,1250.94
14/Jan/2025:23:40:00,164.94,195.98,1070.03
14/Jan/2025:23:45:00,155.19,115.25,955.41
14/Jan/2025:23:50:00,162.32,223.41,1161.35
14/Jan/2025:23:55:00,164.99,180.48,1165.28
15/Jan/2025:00:00:00,156.21,144.74,1019.43
15/Jan/2025:00:05:00,150.02,218.86,1189.3
15/Jan/2025:00:10:00,158.89,273.54,1391.92
15/Jan/2025:00:15:00,151.79,223.29,1234.93
15/Jan/2025:00:20:00,162.83,299.5,1340.37
15/Jan/2025:00:25:00,155.99,220.17,1137.41
15/Jan/2025:00:30:00,157.62,247.33,1064.64
15/Jan/2025:00:35:00,158.94,235.97,1021.97
15/Jan/2025:00:40:00,160.81,232.44,1243.45
15/Jan/2025:00:45:00,170.39,272.82,1252.23
15/Jan/2025:00:50:00,160.2,242.42,1204.44
15/Jan/2025:00:55:00,163.94,255.14,1151.09
15/Jan/2025:01:00:00,152.42,210.47,1171.3
15/Jan/2025:01:05:00,162.92,212.97,1094.03
15/Jan/2025:01:10:00,156.61,200.16,1027.9
15/Jan/2025:01:15:00,156.54,256.75,1153.46
15/Jan/2025:01:20:00,164.5,301.56,1292.02
15/Jan/2025:01:25:00,161.23,337.07,1366.68
15/Jan/2025:01:30:00,161.97,283.94,1368.91
15/Jan/2025:01:35:00,162.62,282.53,1242.6
15/Jan/2025:01:40:00,165.42,450.78,1427.43
15/Jan/2025:01:45:00,156.07,240.52,1063.26
15/Jan/2025:01:50:00,162.9,224.18,1137.04
15/Jan/2025:01:55:00,165.03,273.36,1263.7
15/Jan/2025:02:00:00,164.69,311.16,1343.72
15/Jan/2025:02:05:00,162.78,286.33,1325.76
15/Jan/2025:02:10:00,166.49,198.78,1358.6
15/Jan/2025:02:15:00,162.35,271.8,1302.33
15/Jan/2025:02:20:00,162.05,309.46,1435.65
15/Jan/2025:02:25:00,161.49,209.21,1307.4
15/Jan/2025:02:30:00,168.06,201.74,1227
15/Jan/2025:02:35:00,158.61,218,1165.61
15/Jan/2025:02:40:00,166.83,198.21,1263.67
15/Jan/2025:02:45:00,166.77,193.64,1207
15/Jan/2025:02:50:00,162.11,219.43,1349
15/Jan/2025:02:55:00,157.57,206.72,1147.6
15/Jan/2025:03:00:00,165.67,220.01,1355.05
15/Jan/2025:03:05:00,168.57,243.34,1361.44
15/Jan/2025:03:10:00,165.91,238.58,1318.95
15/Jan/2025:03:15:00,163.83,221.93,1309.08
15/Jan/2025:03:20:00,160.03,207.28,1195.37
15/Jan/2025:03:25:00,161.94,210.2,1191.72
15/Jan/2025:03:30:00,166.41,255.56,1295.2
15/Jan/2025:03:35:00,162.46,238.11,1409.59
15/Jan/2025:03:40:00,165.68,200.15,1287.93
15/Jan/2025:03:45:00,160.24,212.77,1253.66
15/Jan/2025:03:50:00,155.28,209.92,1256.41
15/Jan/2025:03:55:00,163.94,221.67,1368.89
15/Jan/2025:04:00:00,170.25,220.14,1331.72
15/Jan/2025:04:05:00,164.73,242.4,1367.73
15/Jan/2025:04:10:00,166.06,315.53,1445.26
15/Jan/2025:04:15:00,166.36,307.29,1511.05
15/Jan/2025:04:20:00,165.11,261.21,1339.97
15/Jan/2025:04:25:00,168.98,207.8,1314.13
15/Jan/2025:04:30:00,163.8,253.44,1378.25
15/Jan/2025:04:35:00,159.74,235.61,1248.63
15/Jan/2025:04:40:00,162.8,212.02,1310.92
15/Jan/2025:04:45:00,167.19,269.39,1421.46
15/Jan/2025:04:50:00,163.97,292.31,1377.13
15/Jan/2025:04:55:00,166.13,306.16,1443.94
15/Jan/2025:05:00:00,175.86,349.17,1540.94
15/Jan/2025:05:05:00,175.42,262.85,1314.98
15/Jan/2025:05:10:00,170.54,308.73,1562.89
15/Jan/2025:05:15:00,169.45,286.6,1409.24
15/Jan/2025:05:20:00,171.22,239.78,1379.83
15/Jan/2025:05:25:00,171.97,316.45,1539.24
15/Jan/2025:05:30:00,172.55,283.02,1483.19
15/Jan/2025:05:35:00,166.35,293.94,1387.64
15/Jan/2025:05:40:00,171.53,324.28,1565.56
15/Jan/2025:05:45:00,168.5,226,1273.1
15/Jan/2025:05:50:00,170.33,282.33,1384.73
15/Jan/2025:05:55:00,168.3,268.77,1384.44
15/Jan/2025:06:00:00,172.82,278.5,1413.36
15/Jan/2025:06:05:00,177.55,255.71,1440.26
15/Jan/2025:06:10:00,178.29,289.43,1370.41
15/Jan/2025:06:15:00,173.09,252.44,1368.35
15/Jan/2025:06:20:00,171.58,253.02,1342.91
15/Jan/2025:06:25:00,178.87,267.21,1348.06
15/Jan/2025:06:30:00,176.77,313.35,1426.05
15/Jan/2025:06:35:00,168.55,246.71,1476.46
15/Jan/2025:06:40:00,166.9,300.61,1576.1
15/Jan/2025:06:45:00,165.45,295.04,1408.74
15/Jan/2025:06:50:00,161.06,252.44,1378.79
15/Jan/2025:06:55:00,163.3,229.38,1276.23
15/Jan/2025:07:00:00,175.79,273.83,1444.88
15/Jan/2025:07:05:00,182.76,345.34,1445.5
15/Jan/2025:07:10:00,166.4,273.7,1352.41
15/Jan/2025:07:15:00,165.59,296.58,1472.82
15/Jan/2025:07:20:00,168.35,299.93,1537.04
15/Jan/2025:07:25:00,167.27,312.14,1469.52
15/Jan/2025:07:30:00,171.18,256.06,1463.76
15/Jan/2025:07:35:00,170.17,292.52,1441.8
15/Jan/2025:07:40:00,170.18,247.7,1335.45
15/Jan/2025:07:45:00,167.94,246.38,1307.72
15/Jan/2025:07:50:00,169.48,288.27,1366.88
15/Jan/2025:07:55:00,171.37,233.87,1333.84
15/Jan/2025:08:00:00,173.72,263.74,1406.39
15/Jan/2025:08:05:00,169.68,226.83,1300.53
15/Jan/2025:08:10:00,165.44,221.2,1386.56
15/Jan/2025:08:15:00,168.32,267.02,1343.31
15/Jan/2025:08:20:00,176.2,279.68,1431.31
15/Jan/2025:08:25:00,176.54,222.65,1363.62
15/Jan/2025:08:30:00,169.14,287.05,1349.12
15/Jan/2025:08:35:00,175.66,283.25,1413.08
15/Jan/2025:08:40:00,176.15,224.23,1248.37
15/Jan/2025:08:45:00,169.3,288.44,1325.5
15/Jan/2025:08:50:00,162.98,353.5,1359.57
15/Jan/2025:08:55:00,173.74,196.25,1185.61
15/Jan/2025:09:00:00,180.24,244.16,1382.52
15/Jan/2025:09:05:00,175.05,191.34,1307.48
15/Jan/2025:09:10:00,168.24,191.37,1203.49
15/Jan/2025:09:15:00,168.53,221.67,1378.69
15/Jan/2025:09:20:00,164.96,253.66,1387.75
15/Jan/2025:09:25:00,173.11,242.12,1248.64
15/Jan/2025:09:30:00,169.82,212.56,1158.57
15/Jan/2025:09:35:00,164.69,178.36,1227.82
15/Jan/2025:09:40:00,171.57,194.44,1281.03
15/Jan/2025:09:45:00,163.08,233.78,1289.01
15/Jan/2025:09:50:00,167.51,264.45,1300.5
15/Jan/2025:09:55:00,178.37,253.41,1385.51
15/Jan/2025:10:00:00,167.49,229.29,1355
15/Jan/2025:10:05:00,167.37,255.4,1270.48
15/Jan/2025:10:10:00,162.25,227.19,1289.83
15/Jan/2025:10:15:00,161.87,203.37,1188.56
15/Jan/2025:10:20:00,163.4,290.81,1397.29
15/Jan/2025:10:25:00,181.46,207.77,1279.47
15/Jan/2025:10:30:00,188.24,228.9,1470.11
15/Jan/2025:10:35:00,164.37,294.41,1426.18
15/Jan/2025:10:40:00,160.57,221.52,1317.03
15/Jan/2025:10:45:00,160.89,225.87,1207.15
15/Jan/2025:10:50:00,155.46,206.98,1178.31
15/Jan/2025:10:55:00,163.87,240.66,1270.14
15/Jan/2025:11:00:00,166.03,229.57,1275.41
15/Jan/2025:11:05:00,164.63,184.92,1178.12
15/Jan/2025:11:10:00,162.16,177.49,1251.67
15/Jan/2025:11:15:00,163.2,294.93,1363.37
15/Jan/2025:11:20:00,165.66,228.89,1274.57
15/Jan/2025:11:25:00,177.42,334.99,1485.06
15/Jan/2025:11:30:00,170.24,338.99,1298.79
